City,EduID,AC_YEAR,Name,Locality,Street Address,VILLAGE_NAME,State,Pincode,,,,h_place_id,h_category,h_col,h_word,h_name,h_address
ANDAMANS,35010103903,2015-16,PRIMARY SCHOOL INVENT PUBLIC (PU),BRC- SOUTH ANDAMAN,"DIET, GARACHARMA",BATHUBASTHI,ANDAMANS,744105,,,,ChIJHU2jvkeQiDARgexcJbeDiAw,B,Pincode,744105,Manjery Primary School,"SH7, Manjery, Andaman and Nicobar Islands 744105, India"
ANDAMANS,35010101902,2015-16,GOVT PRIMARY SCHOOL MAKKA PAHAR,BRC- SOUTH ANDAMAN,GSSS RANGACHANG,CALICUT,ANDAMANS,744105,,,,,,,,,
ANDAMANS,35010102301,2015-16,GOVT PRIMARY SCHOOL TEYLARABAD,BRC- SOUTH ANDAMAN,"DIET, GARACHARMA",TEYLARABAD,ANDAMANS,744105,,,,,,,,,
ANDAMANS,35010100804,2015-16,PRIMARY SCHOOL ANANDA MARGA (PU),BRC- SOUTH ANDAMAN,GSSS MANGLUTAN,MANGLUTAN,ANDAMANS,744110,,,,,,,,,
ANDAMANS,35010300503,2015-16,GOVT PRIMARY SCHOOL ANNA NAGAR,BRC-LITTLE ANDAMAN,"GSSS MODEL, HUTBAY",HUTBAY,ANDAMANS,744207,,,,,,,,,
ANDAMANS,35010300504,2015-16,GOVT PRIMARY SCHOOL BREAK WATER,BRC-LITTLE ANDAMAN,"GSSS MODEL, HUTBAY",HUTBAY,ANDAMANS,744207,,,,,,,,,
ANDAMANS,35010300505,2015-16,GOVT PRIMARY SCHOOL CYLON BASTHI,BRC-LITTLE ANDAMAN,"GSSS MODEL, HUTBAY",HUTBAY,ANDAMANS,744207,,,,,,,,,
ANDAMANS,35010300103,2015-16,GOVT MIDDLE SCHOOL DUGONG CREEK,BRC-LITTLE ANDAMAN,GSSS RAMAKRISHNAPUR,RAMAKRISHNAPUR,ANDAMANS,744207,,,,,,,,,
MIDDLE AND NORTH ANDAMANS,35030300601,2015-16,GOVT SECONDARY SCHOOL MADHUPUR-1,BRC- DIGLIPUR,GSSS DIGLIPUR,MADHUPUR,ANDAMANS,744202,,,,ChIJcx7FYb22jzARLtHDmUkA9SE,B,Pincode,744202,Govt Secondary School,"Ram Nagar Post, Digilipur Via, North Andaman, Andaman & Nicobar Islands, North Andaman, Andaman and Nicobar Islands 744202, India"
MIDDLE AND NORTH ANDAMANS,35030301102,2015-16,GOVT PRIMARY SCHOOL SUBASHGRAM,BRC- DIGLIPUR,GSSS DIGLIPUR,SUBASHGRAM,ANDAMANS,744202,,,,,,,,,
MIDDLE AND NORTH ANDAMANS,35030301502,2015-16,MIDDLE SCHOOL SHALEM PUBLIC(PU) ,BRC- DIGLIPUR,DEO'S OFFICE DIGLIPUR,RAMAKRISHNAGRAM,ANDAMANS,744202,,,,ChIJZ6a-FbrIjzARNUh499hwYPo,B,Pincode,744202,Government Middle School,"Sitanagar, Village Rd, Andaman and Nicobar Islands 744202, India"
NICOBARS,35020202001,2015-16,GOVT PRIMARY SCHOOL BEACH DERA,NANCOWRY,CRC GSSS KAPANGA,BEACHDERA,ANDAMANS,744304,,,,,,,,,
ANDAMANS,35010201101,2015-16,GOVT PRIMARY SCHOOL KADAKACHANG,BRC- WIMBERLYGUNJ,GSSS WIMBERLYGUNJ,KADAKACHANG,ANDAMANS,744206,,,,,,,,,
ANDAMANS,35010200504,2015-16,GOVT PRIMARY SCHOOL LAMBA PAHAD,BRC- WIMBERLYGUNJ,GSSS WIMBERLYGUNJ,WIMBERLYGUNJ,ANDAMANS,744206,,,,,,,,,
ANDAMANS,35010203002,2015-16,MIDDLE SCHOOL MES OGRABRAJ,BRC- WIMBERLYGUNJ,GSSS TUSNABAD,OGRABRAJ,ANDAMANS,744103,,,,,,,,,
ANDAMANS,35010201001,2015-16,GOVT PRIMARY SCHOOL MATHURA,BRC- WIMBERLYGUNJ,GSSS WIMBERLYGUNJ,MATHURA,ANDAMANS,744206,,,,,,,,,
MIDDLE AND NORTH ANDAMANS,35030201106,2015-16,SECONDARY SCHOOL VIVEKANANDA KENDRA  ZILLA PARISHAD VIDYALAYA PAHALGAON,BRC- MAYABUNDER,GSSS PAHALGAON,TUGAPUR,ANDAMANS,744204,,,,ChIJM1uT0yuhjzARhI8rukgC9XE,A,VILLAGE_NAME,tugapur,Govt Sr Secondary School,"Pahalgaon P O Tugapur, Via Mayabunder, MiddleAndaman, Andaman & Nicobar Islands, Middle Andaman, Andaman and Nicobar Islands 744204, India"
MIDDLE AND NORTH ANDAMANS,35030201203,2015-16,GOVT SECONDARY SCHOOL CHAINPUR,BRC- MAYABUNDER,GSSS PAHALGAON,CHAINPUR,ANDAMANS,744204,,,,ChIJc3gnkceljzARvPV2pJye5TA,B,Pincode,744204,Govt Secondary School,"Karmatang-10, Mayabunder P.O, North Andaman, Andaman & Nicobar Islands, North Andaman, Andaman and Nicobar Islands 744204, India"
MIDDLE AND NORTH ANDAMANS,35030200606,2015-16,GOVT SENIOR SECONDARY SCHOOL KARMATANG-10,BRC- MAYABUNDER,GMSSS MAYABUNDER,KARMATANG,ANDAMANS,744204,,,,ChIJM1uT0yuhjzARhI8rukgC9XE,B,Pincode,744204,Govt Sr Secondary School,"Pahalgaon P O Tugapur, Via Mayabunder, MiddleAndaman, Andaman & Nicobar Islands, Middle Andaman, Andaman and Nicobar Islands 744204, India"
MIDDLE AND NORTH ANDAMANS,35030200503,2015-16,GOVT SECONDARY SCHOOL MOHANPUR-5,BRC- MAYABUNDER,DEO OFFICE MAYABUNDER,WEBI,ANDAMANS,744204,,,,ChIJc3gnkceljzARvPV2pJye5TA,B,Pincode,744204,Govt Secondary School,"Karmatang-10, Mayabunder P.O, North Andaman, Andaman & Nicobar Islands, North Andaman, Andaman and Nicobar Islands 744204, India"
ANDAMANS,35010201501,2015-16,GOVT PRIMARY SCHOOL NORTH BAY,BRC- WIMBERLYGUNJ,GSSS BAMBOOFLAT,NORTH BAY,ANDAMANS,744107,,,,,,,,,
ANDAMANS,35010200902,2015-16,GOVT PRIMARY SCHOOL SAITHAN KHARI,BRC- WIMBERLYGUNJ,GSSS WIMBERLYGUNJ,BRINDABAN,ANDAMANS,744206,,,,,,,,,
MIDDLE AND NORTH ANDAMANS,35030201401,2015-16,GOVT MIDDLE SCHOOL PUDUMADURAI,BRC- MAYABUNDER,GSSS PAHALGAON,PUDUMUDURAI,ANDAMANS,744204,,,,ChIJM1uT0yuhjzARhI8rukgC9XE,B,Pincode,744204,Govt Sr Secondary School,"Pahalgaon P O Tugapur, Via Mayabunder, MiddleAndaman, Andaman & Nicobar Islands, Middle Andaman, Andaman and Nicobar Islands 744204, India"
MIDDLE AND NORTH ANDAMANS,35030200501,2015-16,MIDDLE SCHOOL CAREY MEMORIAL (PU),BRC- MAYABUNDER,DEO OFFICE MAYABUNDER,WEBI,ANDAMANS,744204,,,,,,,,,
ANDAMANS,35010104502,2015-16,GOVT SECONDARY SCHOOL HADDO (TAMIL),BRC- SOUTH ANDAMAN,GSSS MOHANPURA,HADDO,ANDAMANS,744102,,,,ChIJuTyMJZKViDARs62UjvQpPdc,A,VILLAGE_NAME,haddo,Government Senior Secondary School,"Haddo, Port Blair, Andaman and Nicobar Islands 744102, India"
ANDAMANS,35010104202,2015-16,GOVT SECONDARY SCHOOL JUNGLIGHAT,BRC- SOUTH ANDAMAN,GSSS MOHANPURA,JUNGLIGHAT,ANDAMANS,744103,,,,,,,,,
ANDAMANS,35010104709,2015-16,GOVT SECONDARY SCHOOL MIDDLE POINT (GDMS),BRC- SOUTH ANDAMAN,"GSSS MODEL, ABERDEEN",ABERDEEN BAZAAR,ANDAMANS,744101,,,,ChIJFRTcuwuViDARKiuo3wyQId8,B,Pincode,744101,Government Model Senior Secondary School,"Shadipur, Port Blair, Andaman and Nicobar Islands 744101, India"
ANDAMANS,35010104719,2015-16,GOVT PRIMARY SCHOOL MIDDLE POINT (GDMS),BRC- SOUTH ANDAMAN,"GSSS MODEL, ABERDEEN",ABERDEEN BAZAAR,ANDAMANS,744101,,,,ChIJFRTcuwuViDARKiuo3wyQId8,B,Pincode,744101,Government Model Senior Secondary School,"Shadipur, Port Blair, Andaman and Nicobar Islands 744101, India"
MIDDLE AND NORTH ANDAMANS,35030200704,2015-16,GOVT PRIMARY SCHOOL LUCKNOW,BRC- MAYABUNDER,GMSSS MAYABUNDER,LUCKNOW,ANDAMANS,744204,,,,,,,,,
MIDDLE AND NORTH ANDAMANS,35030200101,2015-16,GOVT PRIMARY SCHOOL MAYABUNDER,BRC- MAYABUNDER,GMSSS MAYABUNDER,MAYABUNDER,ANDAMANS,744204,,,,,,,,,
MIDDLE AND NORTH ANDAMANS,35030200502,2015-16,GOVT PRIMARY SCHOOL MOHANPUR-9,BRC- MAYABUNDER,DEO OFFICE MAYABUNDER,WEBI,ANDAMANS,744204,,,,,,,,,
ANDAMANS,35010300402,2015-16,GOVT PRIMARY SCHOOL NANJAPPA NAGAR,BRC-LITTLE ANDAMAN,"GSSS MODEL, HUTBAY",NETAJI NAGAR,ANDAMANS,744207,,,,,,,,,
ANDAMANS,35010300506,2015-16,GOVT SECONDARY SCHOOL HARMINDER BAY,BRC-LITTLE ANDAMAN,"GSSS MODEL, HUTBAY",HUTBAY,ANDAMANS,744207,,,,ChIJNzgQ9ogDiDARIg7cR38yTYI,B,Pincode,744207,"Government senior secondary school Ramkrishna pur,Little Andaman","near Vidya sagar mini Stadium, SH1, Ram Krishna Pur, Andaman and Nicobar Islands 744207, India"
ANDAMANS,35010300403,2015-16,GOVT MIDDLE SCHOOL NETAJI NAGAR,BRC-LITTLE ANDAMAN,"GSSS MODEL, HUTBAY",NETAJI NAGAR,ANDAMANS,744207,,,,,,,,,
ANDAMANS,35010300507,2015-16,MIDDLE SCHOOL MALATI KRISHNA,BRC-LITTLE ANDAMAN,GSSS RAMAKRISHNAPUR,HUTBAY,ANDAMANS,744207,,,,,,,,,
NICOBARS,35020202101,2015-16,GOVT PRIMARY SCHOOL JAPAN TEKRI,NANCOWRY,CRC GSSS KAPANGA,JAPAN TEKRI,ANDAMANS,744304,,,,,,,,,
NICOBARS,35020202201,2015-16,GOVT PRIMARY SCHOOL MEENAKSHI RAM NAGAR,NANCOWRY,CRC GSSS KAPANGA,MEENAKSHI NAGAR,ANDAMANS,744304,,,,,,,,,
NICOBARS,35020202401,2015-16,GOVT SENIOR SECONDARY SCHOOL CHAMPIN,NANCOWRY,CRC GSSS CHAMPIN,CHAMPIN,ANDAMANS,744303,,,,,,,,,
NICOBARS,35020202501,2015-16,GOVT SENIOR SECONDARY SCHOOL  KAPANGA,NANCOWRY,CRC GSSS KAPANGA,KAPANGA,ANDAMANS,744304,,,,,,,,,
ANDAMANS,35010202801,2015-16,GOVT PRIMARY SCHOOL MITHA KHARI,BRC- WIMBERLYGUNJ,GMSSS FERRARGUNJ,MITHAKHARI,ANDAMANS,744103,,,,ChIJ5wuKJ6yQiDARe6CiPRxEK4A,B,Pincode,744103,Government Primary School,"Wandoor, Andaman and Nicobar Islands 744103, India"
ANDAMANS,35010202901,2015-16,GOVT PRIMARY SCHOOL MUSLIM BASTI,BRC- WIMBERLYGUNJ,GSSS TUSNABAD,MUSLIM BASTI,ANDAMANS,744103,,,,ChIJ5wuKJ6yQiDARe6CiPRxEK4A,B,Pincode,744103,Government Primary School,"Wandoor, Andaman and Nicobar Islands 744103, India"
ANDAMANS,35010103702,2015-16,GOVT PRIMARY SCHOOL BLOOMS DALE,BRC- SOUTH ANDAMAN,GSSS MANGLUTAN,CHOULDARI,ANDAMANS,744103,,,,ChIJ5wuKJ6yQiDARe6CiPRxEK4A,B,Pincode,744103,Government Primary School,"Wandoor, Andaman and Nicobar Islands 744103, India"
ANDAMANS,35010103602,2015-16,GOVT SENIOR SECONDARY SCHOOL PORT MOUT,BRC- SOUTH ANDAMAN,GSSS MANGLUTAN,PORT MOUT,ANDAMANS,744103,,,,ChIJt0Y5Ea2ViDARll1szCFwqMg,B,Pincode,744103,Govt Sr Sec School,"School Line, Junglighat Po, Port Blair, South Andaman, Andaman & Nicobar Islands, Port Blair, Andaman and Nicobar Islands 744103, India"
MIDDLE AND NORTH ANDAMANS,35030200504,2015-16,GOVT SECONDARY SCHOOL WEBI,BRC- MAYABUNDER,GMSSS MAYABUNDER,WEBI,ANDAMANS,744204,,,,ChIJc3gnkceljzARvPV2pJye5TA,B,Pincode,744204,Govt Secondary School,"Karmatang-10, Mayabunder P.O, North Andaman, Andaman & Nicobar Islands, North Andaman, Andaman and Nicobar Islands 744204, India"
MIDDLE AND NORTH ANDAMANS,35030200103,2015-16,GOVT MODEL SENIOR SECONDARY SCHOOL MAYABUNDER,BRC- MAYABUNDER,GMSSS MAYABUNDER,MAYABUNDER,ANDAMANS,744204,,,,ChIJISNccLOljzARODRvmOTekMU,A,VILLAGE_NAME,mayabunder,Govt Model Senior Secondary School,"Mayabunder, Andaman and Nicobar Islands 744204, India"
MIDDLE AND NORTH ANDAMANS,35030201001,2015-16,GOVT SENIOR SECONDARY SCHOOL PAHALGAON,BRC- MAYABUNDER,GSSS PAHALGAON,PAHALGAON,ANDAMANS,744204,,,,ChIJM1uT0yuhjzARhI8rukgC9XE,A,VILLAGE_NAME,pahalgaon,Govt Sr Secondary School,"Pahalgaon P O Tugapur, Via Mayabunder, MiddleAndaman, Andaman & Nicobar Islands, Middle Andaman, Andaman and Nicobar Islands 744204, India"
MIDDLE AND NORTH ANDAMANS,35030200201,2015-16,MIDDLE SCHOOL ANANDA MARGA (PU),BRC- MAYABUNDER,GMSSS MAYABUNDER,POKADERA,ANDAMANS,744204,,,,,,,,,
MIDDLE AND NORTH ANDAMANS,35030200401,2015-16,GOVT MIDDLE SCHOOL RAMPUR,BRC- MAYABUNDER,GMSSS MAYABUNDER,RAMPUR,ANDAMANS,744204,,,,ChIJM1uT0yuhjzARhI8rukgC9XE,B,Pincode,744204,Govt Sr Secondary School,"Pahalgaon P O Tugapur, Via Mayabunder, MiddleAndaman, Andaman & Nicobar Islands, Middle Andaman, Andaman and Nicobar Islands 744204, India"
MIDDLE AND NORTH ANDAMANS,35030201101,2015-16,GOVT MIDDLE SCHOOL TUGAPUR-6,BRC- MAYABUNDER,GSSS PAHALGAON,TUGAPUR,ANDAMANS,744204,,,,ChIJM1uT0yuhjzARhI8rukgC9XE,A,VILLAGE_NAME,tugapur,Govt Sr Secondary School,"Pahalgaon P O Tugapur, Via Mayabunder, MiddleAndaman, Andaman & Nicobar Islands, Middle Andaman, Andaman and Nicobar Islands 744204, India"
MIDDLE AND NORTH ANDAMANS,35030200701,2015-16,GOVT PRIMARY SCHOOL AUSTIN-2,BRC- MAYABUNDER,DEO OFFICE MAYABUNDER,LUCKNOW,ANDAMANS,744204,,,,,,,,,
ANDAMANS,35010105802,2015-16,SENIOR SECONDARY SCHOOL NAVY CHILDREN SCHOOL (LB),BRC- SOUTH ANDAMAN,GSSS SCHOOL LINE,MINNIE BAY,ANDAMANS,744103,,,,ChIJHTCJhQSUiDARuUnSErufZiE,B,Pincode,744103,Garacharma Senior Secondary School,"Garacharama, Port Blair, Andaman and Nicobar Islands 744103, India"
ANDAMANS,35010106501,2015-16,GOVT SECONDARY SCHOOL PROTHRAPUR,BRC- SOUTH ANDAMAN,GSSS SCHOOL LINE,PROTHRAPUR,ANDAMANS,744105,,,,,,,,,
ANDAMANS,35010105101,2015-16,GOVT SECONDARY SCHOOL SOUTH POINT,BRC- SOUTH ANDAMAN,"GSSS GIRLS, PORT BLAIR",SOUTH POINT,ANDAMANS,744106,,,,ChIJu-ooRQWViDARadSTjSjVvVg,A,VILLAGE_NAME,south point,Govt. Secondary School,"South Point, Shadipur Post, Portblair, Andaman & Nicobar Islands, Port Blair, Andaman and Nicobar Islands 744106, India"
ANDAMANS,35010103902,2015-16,GOVT SENIOR SECONDARY SCHOOL BATHU BASTHI,BRC- SOUTH ANDAMAN,"DIET, GARACHARMA",BATHUBASTHI,ANDAMANS,744105,,,,ChIJwaDwhQSUiDARu59NVWvmZ_Q,B,Pincode,744105,Govt Sr Sec School,"Garacharama, South Andaman, Andaman & Nicobar Islands, South Andaman, Andaman and Nicobar Islands 744105, India"
MIDDLE AND NORTH ANDAMANS,35030103201,2015-16,GOVT MIDDLE SCHOOL KALSI,BRC- RANGAT,GSSS SABARI JN.,KALSI,ANDAMANS,744208,,,,ChIJ____v6gWjzARbkys8sGPQio,B,Pincode,744208,Govt Sr Sec School,"Bakultala P O, MiddleAndaman, Andaman & Nicobar Islands, Middle Andaman, Andaman and Nicobar Islands 744208, India"
MIDDLE AND NORTH ANDAMANS,35030102401,2015-16,GOVT MIDDLE SCHOOL PARNASHALA,BRC- RANGAT,GSSS RANGAT,PARNASHALA,ANDAMANS,744205,,,,ChIJGeKJBJkTjzARnF4w2vIcxMU,B,Pincode,744205,Govt SecondarySchool,"Kaushalya Nagar, Rangat, Middle Andaman, Andaman & Nicobar Islands, Middle Andaman, Andaman and Nicobar Islands 744205, India"
MIDDLE AND NORTH ANDAMANS,35030104001,2015-16,GOVT MIDDLE SCHOOL SOUTH CREEK,BRC- RANGAT,GSSS ORALKATCHA,SUNDERGARH,ANDAMANS,744210,,,,,,,,,
MIDDLE AND NORTH ANDAMANS,35030102303,2015-16,SECONDARY SCHOOL VKV RANGAT,BRC- RANGAT,GSSS RANGAT,RANGAT,ANDAMANS,744205,,,,ChIJGeKJBJkTjzARnF4w2vIcxMU,A,VILLAGE_NAME,rangat,Govt SecondarySchool,"Kaushalya Nagar, Rangat, Middle Andaman, Andaman & Nicobar Islands, Middle Andaman, Andaman and Nicobar Islands 744205, India"
ANDAMANS,35010300104,2015-16,PRIMARY SCHOOL ANANDA MARGA (PU),BRC-LITTLE ANDAMAN,GSSS RAMAKRISHNAPUR,RAMAKRISHNAPUR,ANDAMANS,744207,,,,,,,,,
ANDAMANS,35010300508,2015-16,PRIMARY SCHOOL LITTLE FLOWER (PU),BRC-LITTLE ANDAMAN,"GSSS MODEL, HUTBAY",HUTBAY,ANDAMANS,744207,,,,,,,,,
ANDAMANS,35010300204,2015-16,PRIMARY SCHOOL GREEN ISLAND,BRC-LITTLE ANDAMAN,GSSS RAMAKRISHNAPUR,VIVEKANANDAPUR,ANDAMANS,744207,,,,,,,,,
NICOBARS,35020100101,2015-16,GOVT MIDDLE SCHOOL KINMAI,CAR NICOBAR,CRC GSSS LAPATHY,KINMAI,ANDAMANS,744301,,,,,,,,,
NICOBARS,35020200102,2015-16,GOVT MODEL SENIOR SECONDARY SCHOOL GOAL TEKRY,NANCOWRY,CRC AEO'S OFFICE NANCOWRY,KAMORTA,ANDAMANS,744303,,,,,,,,,
NICOBARS,35020200103,2015-16,PRIMARY SCHOOL NAVAL PUBLIC,NANCOWRY,CRC AEO'S OFFICE NANCOWRY,KAMORTA,ANDAMANS,744303,,,,,,,,,
NICOBARS,35020202503,2015-16,GOVT SECONDARY SCHOOL MILDERA ,NANCOWRY,CRC GSSS KAPANGA,KAPANGA,ANDAMANS,744304,,,,,,,,,
NICOBARS,35020200105,2015-16,GOVT PRIMARY SCHOOL BADA ENAKA,NANCOWRY,CRC AEO'S OFFICE NANCOWRY,KAMORTA,ANDAMANS,744303,,,,,,,,,
ANDAMANS,35010103603,2015-16,SENIOR SECONDARY SCHOOL VIVEKANANDA KENDRA ZILLA PARISHAD VIDYALAYA,BRC- SOUTH ANDAMAN,GSSS MANGLUTAN,PORT MOUT,ANDAMANS,744103,,,,ChIJHTCJhQSUiDARuUnSErufZiE,B,Pincode,744103,Garacharma Senior Secondary School,"Garacharama, Port Blair, Andaman and Nicobar Islands 744103, India"
ANDAMANS,35010100501,2015-16,GOVT PRIMARY SCHOOL LOHA BARRICK,BRC- SOUTH ANDAMAN,GSSS MANGLUTAN,LOHABARIK,ANDAMANS,744103,,,,ChIJ5wuKJ6yQiDARe6CiPRxEK4A,B,Pincode,744103,Government Primary School,"Wandoor, Andaman and Nicobar Islands 744103, India"
ANDAMANS,35010100301,2015-16,GOVT PRIMARY SCHOOL LALL PAHAR,BRC- SOUTH ANDAMAN,GSSS MANGLUTAN,WANDOOR,ANDAMANS,744103,,,,ChIJ5wuKJ6yQiDARe6CiPRxEK4A,A,VILLAGE_NAME,wandoor,Government Primary School,"Wandoor, Andaman and Nicobar Islands 744103, India"
NICOBARS,35020300411,2015-16,GOVT PRIMARY SCHOOL  AFRA BAY,CAMPBELL BAY,CRC GSSS CAMPBELL BAY,CAMPBELL BAY,ANDAMANS,744302,,,,ChIJwbp3AEImaTAR-FeVfuhzhWg,A,VILLAGE_NAME,campbell bay,"Govt. Primary School, Campbell Bay","Great, Campbell Bay, Andaman and Nicobar Islands 744302, India"
MIDDLE AND NORTH ANDAMANS,35030200104,2015-16,GOVT PRIMARY SCHOOL PALOON,BRC- MAYABUNDER,DEO OFFICE MAYABUNDER,MAYABUNDER,ANDAMANS,744204,,,,,,,,,
MIDDLE AND NORTH ANDAMANS,35030200203,2015-16,MIDDLE SCHOOL ST. MARY ENGLISH MEDIUM,BRC- MAYABUNDER,GMSSS MAYABUNDER,POKADERA,ANDAMANS,744204,,,,,,,,,
MIDDLE AND NORTH ANDAMANS,35030102310,2015-16,PRIMARY SCHOOL BALDWIN METHODIST NURSERY ,BRC- RANGAT,GSSS RANGAT,RANGAT,ANDAMANS,744205,,,,ChIJh1xsaDEXjzARh7wes0ft0pM,A,VILLAGE_NAME,rangat,Government Primary School,"Rangat, Andaman and Nicobar Islands 744205, India"
MIDDLE AND NORTH ANDAMANS,35030100102,2015-16,GOVT PRIMARY SCHOOL BADAM NALLAH,BRC- RANGAT,GSSS SWADESH NAGAR,BASANTIPUR,ANDAMANS,744201,,,,,,,,,
MIDDLE AND NORTH ANDAMANS,35030103901,2015-16,GOVT PRIMARY SCHOOL SHANTANU,BRC- RANGAT,GSSS KADAMTALA,SHANTANU,ANDAMANS,744209,,,,,,,,,
MIDDLE AND NORTH ANDAMANS,35030104401,2015-16,GOVT SENIOR SECONDARY SCHOOL ORALKATCHA,BRC- RANGAT,GSSS ORALKATCHA,NILAMBUR,ANDAMANS,744210,,,,,,,,,
MIDDLE AND NORTH ANDAMANS,35030301202,2015-16,GOVT MIDDLE SCHOOL KHUDIRAMPUR,BRC- DIGLIPUR,GSSS DIGLIPUR,DIGLIPUR,ANDAMANS,744202,,,,ChIJfWIAfEDMjzARuAIsfNEpEVU,A,VILLAGE_NAME,diglipur,Govt Model Sr Sec School,"Sita Nagar, Diglipur, North And Middle Andaman, Andaman & Nicobar Islands, North Andaman, Andaman and Nicobar Islands 744202, India"
ANDAMANS,35010104710,2015-16,GOVT BOYS SENIOR SECONDARY SCHOOL MIDDLE POINT,BRC- SOUTH ANDAMAN,"GSSS MODEL, ABERDEEN",ABERDEEN BAZAAR,ANDAMANS,744101,,,,ChIJFRTcuwuViDARKiuo3wyQId8,B,Pincode,744101,Government Model Senior Secondary School,"Shadipur, Port Blair, Andaman and Nicobar Islands 744101, India"
ANDAMANS,35010104711,2015-16,SENIOR SECONDARY SCHOOL CARMEL (PU),BRC- SOUTH ANDAMAN,GSSS MOHANPURA,ABERDEEN BAZAAR,ANDAMANS,744101,,,,ChIJFRTcuwuViDARKiuo3wyQId8,B,Pincode,744101,Government Model Senior Secondary School,"Shadipur, Port Blair, Andaman and Nicobar Islands 744101, India"
ANDAMANS,35010103803,2015-16,GOVT SENIOR SECONDARY SCHOOL GARACHARMA,BRC- SOUTH ANDAMAN,"DIET, GARACHARMA",GARACHARMA,ANDAMANS,744105,,,,ChIJwaDwhQSUiDARu59NVWvmZ_Q,B,Pincode,744105,Govt Sr Sec School,"Garacharama, South Andaman, Andaman & Nicobar Islands, South Andaman, Andaman and Nicobar Islands 744105, India"
MIDDLE AND NORTH ANDAMANS,35030101801,2015-16,GOVT PRIMARY SCHOOL AMKUNJ,BRC- RANGAT,GSSS RANGAT,AMKUNJ,ANDAMANS,744205,,,,ChIJAwRnWRsXjzAR_VL4guctEIo,B,Pincode,744205,"Govt. Primary School, Sabari","North and Middle Andaman, Andaman and Nicobar Islands 744205, India"
MIDDLE AND NORTH ANDAMANS,35030102304,2015-16,PRIMARY SCHOOL ANANDA MARGA,BRC- RANGAT,GSSS RANGAT,RANGAT,ANDAMANS,744205,,,,ChIJh1xsaDEXjzARh7wes0ft0pM,A,VILLAGE_NAME,rangat,Government Primary School,"Rangat, Andaman and Nicobar Islands 744205, India"
MIDDLE AND NORTH ANDAMANS,35030104101,2015-16,GOVT PRIMARY SCHOOL VIJAY GARH,BRC- RANGAT,GSSS ORALKATCHA,VIJAYGARH,ANDAMANS,744210,,,,,,,,,
MIDDLE AND NORTH ANDAMANS,35030101601,2015-16,GOVT PRIMARY SCHOOL CURT BURT BAY,BRC- RANGAT,GSSS RANGAT,PANCHWATI,ANDAMANS,744205,,,,ChIJAwRnWRsXjzAR_VL4guctEIo,B,Pincode,744205,"Govt. Primary School, Sabari","North and Middle Andaman, Andaman and Nicobar Islands 744205, India"
NICOBARS,35020100301,2015-16,GOVT MIDDLE SCHOOL TAPOIMING,CAR NICOBAR,CRC GSSS LAPATHY,TAPOIMING,ANDAMANS,744301,,,,,,,,,
NICOBARS,35020100201,2015-16,GOVT SECONDARY SCHOOL TAMALOO,CAR NICOBAR,CRC GSSS MALACCA,TAMALOO,ANDAMANS,744301,,,,ChIJi-3VszJgYzARcfgyTz2eUqA,A,VILLAGE_NAME,tamaloo,Government Secondary School,"Tamaloo Po, Car Nicobar, A & N Islands, 744301, Car Nicobar, Andaman and Nicobar Islands 744301, India"
MIDDLE AND NORTH ANDAMANS,35030103704,2015-16,GOVT PRIMARY SCHOOL FOSTER VALLEY,BRC- RANGAT,GSSS KADAMTALA,KADAMTALA,ANDAMANS,744209,,,,,,,,,
MIDDLE AND NORTH ANDAMANS,35030100906,2015-16,GOVT PRIMARY SCHOOL KALADY,BRC- RANGAT,GSSS SWADESH NAGAR,SWADESHNAGAR,ANDAMANS,744201,,,,,,,,,
NICOBARS,35020200101,2015-16,GOVT MODEL SECONDARY SCHOOL  KAMORTA,NANCOWRY,CRC AEO'S OFFICE NANCOWRY,KAMORTA,ANDAMANS,744303,,,,,,,,,
NICOBARS,35020200201,2015-16,GOVT MIDDLE SCHOOL KAKANA,NANCOWRY,CRC AEO'S OFFICE NANCOWRY,KAKANA,ANDAMANS,744303,,,,,,,,,
NICOBARS,35020200301,2015-16,GOVT MIDDLE SCHOOL VIKAS NAGAR,NANCOWRY,CRC GSSS CHAMPIN,VIKAS NAGAR,ANDAMANS,744303,,,,,,,,,
NICOBARS,35020200401,2015-16,GOVT MIDDLE SCHOOL PILPILLOW,NANCOWRY,CRC AEO'S OFFICE NANCOWRY,PILPILLOW,ANDAMANS,744303,,,,,,,,,
NICOBARS,35020300201,2015-16,GOVT SECONDARY SCHOOL GANDHI NAGAR,CAMPBELL BAY,CRC GSSS VIJAY NAGAR,LAXMINAGAR,ANDAMANS,744302,,,,ChIJc0WCb74waTARbXqemV5qp9g,B,Locality,campbell bay,Govt Secondary School,"Gandhi Nagar, Campbell Bay, Great Nicobar, Andaman & Nicobar Islands, Great Nicobar, Andaman and Nicobar Islands 744302, India"
NICOBARS,35020300301,2015-16,GOVT MIDDLE SCHOOL GOVIND NAGAR,CAMPBELL BAY,CRC GSSS CAMPBELL BAY,GOVINDNAGAR,ANDAMANS,744302,,,,,,,,,
NICOBARS,35020300402,2015-16,GOVT PRIMARY SCHOOL  CAMPBELL BAY JETTY,CAMPBELL BAY,CRC GSSS CAMPBELL BAY,CAMPBELL BAY,ANDAMANS,744302,,,,ChIJwbp3AEImaTAR-FeVfuhzhWg,A,VILLAGE_NAME,campbell bay,"Govt. Primary School, Campbell Bay","Great, Campbell Bay, Andaman and Nicobar Islands 744302, India"
NICOBARS,35020300403,2015-16,MIDDLE SCHOOL COAST GUARD PUBLIC SCHOOL,CAMPBELL BAY,CRC GSSS CAMPBELL BAY,CAMPBELL BAY,ANDAMANS,744302,,,,,,,,,
MIDDLE AND NORTH ANDAMANS,35030100201,2015-16,GOVT PRIMARY SCHOOL NIMBUDERA,BRC- RANGAT,GSSS SWADESH NAGAR,PARESHNAGAR,ANDAMANS,744201,,,,,,,,,
MIDDLE AND NORTH ANDAMANS,35030300101,2015-16,GOVT PRIMARY SCHOOL RADHA NAGAR,BRC- DIGLIPUR,GSSS SWARAJ GRAM,RADHA NAGAR,ANDAMANS,744202,,,,,,,,,
MIDDLE AND NORTH ANDAMANS,35030300501,2015-16,GOVT MIDDLE SCHOOL MILAN GRAM,BRC- DIGLIPUR,GSSS SWARAJ GRAM,MILANGRAM,ANDAMANS,744202,,,,ChIJZ6a-FbrIjzARNUh499hwYPo,B,Pincode,744202,Government Middle School,"Sitanagar, Village Rd, Andaman and Nicobar Islands 744202, India"
MIDDLE AND NORTH ANDAMANS,35030301601,2015-16,GOVT SECONDARY SCHOOL KERALAPURAM,BRC- DIGLIPUR,GSS KERALAPURAM,KERALAPURAM,ANDAMANS,744202,,,,ChIJubIP1KjOjzARGZDLfRyGQiI,A,VILLAGE_NAME,keralapuram,Government Secondary School,"Keralapuram, Andaman and Nicobar Islands, India"
MIDDLE AND NORTH ANDAMANS,35030301203,2015-16,GOVT MODEL SENIOR SECONDARY SCHOOL SITA NAGAR,BRC- DIGLIPUR,DEO'S OFFICE DIGLIPUR,DIGLIPUR,ANDAMANS,744202,,,,ChIJfWIAfEDMjzARuAIsfNEpEVU,A,VILLAGE_NAME,diglipur,Govt Model Sr Sec School,"Sita Nagar, Diglipur, North And Middle Andaman, Andaman & Nicobar Islands, North Andaman, Andaman and Nicobar Islands 744202, India"
ANDAMANS,35010100306,2015-16,PRIMARY SCHOOL DONBOSCO,BRC- SOUTH ANDAMAN,GSSS MANGLUTAN,WANDOOR,ANDAMANS,744105,,,,ChIJ5wuKJ6yQiDARe6CiPRxEK4A,A,VILLAGE_NAME,wandoor,Government Primary School,"Wandoor, Andaman and Nicobar Islands 744103, India"
MIDDLE AND NORTH ANDAMANS,35030100507,2015-16,GOVT PRIMARY SCHOOL HARI NAGAR(E),BRC- RANGAT,GSSS SWADESH NAGAR,HARINAGAR,ANDAMANS,744201,,,,,,,,,
MIDDLE AND NORTH ANDAMANS,35030200702,2015-16,GOVT PRIMARY SCHOOL BADADABLA,BRC- MAYABUNDER,DEO OFFICE MAYABUNDER,LUCKNOW,ANDAMANS,744204,,,,,,,,,
ANDAMANS,35010104503,2015-16,GOVT SENIOR SECONDARY SCHOOL HADDO (HINDI),BRC- SOUTH ANDAMAN,GSSS MOHANPURA,HADDO,ANDAMANS,744102,,,,ChIJuTyMJZKViDARs62UjvQpPdc,A,VILLAGE_NAME,haddo,Government Senior Secondary School,"Haddo, Port Blair, Andaman and Nicobar Islands 744102, India"
ANDAMANS,35010104504,2015-16,GOVT SENIOR SECONDARY SCHOOL HADDO  (TELUGU),BRC- SOUTH ANDAMAN,GSSS MOHANPURA,HADDO,ANDAMANS,744102,,,,ChIJuTyMJZKViDARs62UjvQpPdc,A,VILLAGE_NAME,haddo,Government Senior Secondary School,"Haddo, Port Blair, Andaman and Nicobar Islands 744102, India"
ANDAMANS,35010102601,2015-16,GOVT SENIOR SECONDARY SCHOOL HAVELOCK-3,BRC- SOUTH ANDAMAN,GSSS HAVELOCK,GOVINDNAGAR,ANDAMANS,744211,,,,,,,,,
MIDDLE AND NORTH ANDAMANS,35030102501,2015-16,GOVT PRIMARY SCHOOL FLAT BAY,BRC- RANGAT,GSSS ORALKATCHA,RAMPUR,ANDAMANS,744210,,,,,,,,,
MIDDLE AND NORTH ANDAMANS,35030105001,2015-16,GOVT PRIMARY SCHOOL KHATTA KHARI,BRC- RANGAT,GSSS ORALKATCHA,KHATTAKHARI,ANDAMANS,744210,,,,,,,,,
MIDDLE AND NORTH ANDAMANS,35030103101,2015-16,GOVT MIDDLE SCHOOL LAXMANPUR,BRC- RANGAT,GSSS SABARI JN.,LAXMANPUR,ANDAMANS,744208,,,,ChIJ____v6gWjzARbkys8sGPQio,B,Pincode,744208,Govt Sr Sec School,"Bakultala P O, MiddleAndaman, Andaman & Nicobar Islands, Middle Andaman, Andaman and Nicobar Islands 744208, India"
MIDDLE AND NORTH ANDAMANS,35030100901,2015-16,GOVT PRIMARY SCHOOL LAUKI NALLAH-3,BRC- RANGAT,GSSS SWADESH NAGAR,SWADESHNAGAR,ANDAMANS,744201,,,,,,,,,
MIDDLE AND NORTH ANDAMANS,35030103706,2015-16,GOVT PRIMARY SCHOOL MAKARTA VALLEY,BRC- RANGAT,GSSS KADAMTALA,KADAMTALA,ANDAMANS,744209,,,,,,,,,
MIDDLE AND NORTH ANDAMANS,35030103707,2015-16,GOVT PRIMARY SCHOOL PHOOLTALA,BRC- RANGAT,GSSS KADAMTALA,KADAMTALA,ANDAMANS,744209,,,,,,,,,
MIDDLE AND NORTH ANDAMANS,35030100907,2015-16,GOVT PRIMARY SCHOOL SHANTIPUR,BRC- RANGAT,GSSS SWADESH NAGAR,SWADESHNAGAR,ANDAMANS,744201,,,,,,,,,
MIDDLE AND NORTH ANDAMANS,35030103401,2015-16,GOVT PRIMARY SCHOOL SHYAMKUND,BRC- RANGAT,GSSS SABARI JN.,SHYAMKUND,ANDAMANS,744205,,,,ChIJAwRnWRsXjzAR_VL4guctEIo,B,Pincode,744205,"Govt. Primary School, Sabari","North and Middle Andaman, Andaman and Nicobar Islands 744205, India"
NICOBARS,35020200501,2015-16,GOVT PRIMARY SCHOOL CHOTA  ENAKA,NANCOWRY,CRC GSSS CHAMPIN,CHHOTA ENAKA,ANDAMANS,744303,,,,,,,,,
NICOBARS,35020200601,2015-16,GOVT PRIMARY SCHOOL DERING,NANCOWRY,CRC AEO'S OFFICE NANCOWRY,DERING,ANDAMANS,744303,,,,,,,,,
NICOBARS,35020200701,2015-16,GOVT PRIMARY SCHOOL HITUI,NANCOWRY,CRC GSSS CHAMPIN,HITUI,ANDAMANS,744303,,,,,,,,,
NICOBARS,35020200801,2015-16,GOVT PRIMARY SCHOOL MUNAK,NANCOWRY,CRC AEO'S OFFICE NANCOWRY,MUNAK,ANDAMANS,744303,,,,,,,,,
NICOBARS,35020300404,2015-16,GOVT PRIMARY SCHOOL CHINGAN,CAMPBELL BAY,CRC GSSS VIJAY NAGAR,CAMPBELL BAY,ANDAMANS,744302,,,,ChIJwbp3AEImaTAR-FeVfuhzhWg,A,VILLAGE_NAME,campbell bay,"Govt. Primary School, Campbell Bay","Great, Campbell Bay, Andaman and Nicobar Islands 744302, India"
MIDDLE AND NORTH ANDAMANS,35030200105,2015-16,GOVT PRIMARY SCHOOL KARMATANG NO - 10,BRC- MAYABUNDER,DEO OFFICE MAYABUNDER,MAYABUNDER,ANDAMANS,744204,,,,,,,,,
MIDDLE AND NORTH ANDAMANS,35030200106,2015-16,GOVT PRIMARY SCHOOL BAMBOONALA-II,BRC- MAYABUNDER,DEO OFFICE MAYABUNDER,MAYABUNDER,ANDAMANS,744204,,,,,,,,,
MIDDLE AND NORTH ANDAMANS,35030200107,2015-16,GOVT PRIMARY SCHOOL GARJAN TIKREY,BRC- MAYABUNDER,DEO OFFICE MAYABUNDER,MAYABUNDER,ANDAMANS,744204,,,,,,,,,
MIDDLE AND NORTH ANDAMANS,35030302001,2015-16,GOVT SECONDARY SCHOOL SHIBPUR,BRC- DIGLIPUR,GSS KERALAPURAM,SHIBPUR,ANDAMANS,744202,,,,ChIJD3QcrfbLjzARC3Geb_CNo2I,A,VILLAGE_NAME,shibpur,Govt Secondary School,"Shibpur, Aerial Bay P.O, North Andaman, Andaman & Nicobar Islands, North Andaman, Andaman and Nicobar Islands 744202, India"
MIDDLE AND NORTH ANDAMANS,35030302201,2015-16,GOVT SECONDARY SCHOOL DURGAPUR,BRC- DIGLIPUR,GSS KERALAPURAM,DURGAPUR,ANDAMANS,744202,,,,ChIJcx7FYb22jzARLtHDmUkA9SE,B,Pincode,744202,Govt Secondary School,"Ram Nagar Post, Digilipur Via, North Andaman, Andaman & Nicobar Islands, North Andaman, Andaman and Nicobar Islands 744202, India"
MIDDLE AND NORTH ANDAMANS,35030104302,2015-16,GOVT PRIMARY SCHOOL UDAYGARH,BRC- RANGAT,GSSS ORALKATCHA,UDAYGARH,ANDAMANS,744210,,,,,,,,,
MIDDLE AND NORTH ANDAMANS,35030201402,2015-16,GOVT PRIMARY SCHOOL BIRSA NAGAR,BRC- MAYABUNDER,GSSS PAHALGAON,PUDUMUDURAI,ANDAMANS,744204,,,,,,,,,
MIDDLE AND NORTH ANDAMANS,35030200601,2015-16,GOVT PRIMARY SCHOOL BORANG,BRC- MAYABUNDER,DEO OFFICE MAYABUNDER,KARMATANG,ANDAMANS,744204,,,,,,,,,
MIDDLE AND NORTH ANDAMANS,35030201301,2015-16,GOVT PRIMARY SCHOOL BUDDHA NALLAH,BRC- MAYABUNDER,GSSS PAHALGAON,HANSPURI,ANDAMANS,744204,,,,,,,,,
MIDDLE AND NORTH ANDAMANS,35030200703,2015-16,GOVT PRIMARY SCHOOL CHUGLAMGUM,BRC- MAYABUNDER,GSSS PAHALGAON,LUCKNOW,ANDAMANS,744204,,,,,,,,,
ANDAMANS,35010101802,2015-16,SENIOR SECONDARY SCHOOL KAMRAJ (PU),BRC- SOUTH ANDAMAN,GSSS RANGACHANG,BROOKSHABAD,ANDAMANS,744112,,,,,,,,,
MIDDLE AND NORTH ANDAMANS,35030300902,2015-16,GOVT PRIMARY SCHOOL SUMATI VIDYA MANDIR,BRC- DIGLIPUR,GSSS DIGLIPUR,SIATANAGAR,ANDAMANS,744202,,,,,,,,,
MIDDLE AND NORTH ANDAMANS,35030303003,2015-16,PRIMARY SCHOOL SWAMY DAYANAND SARASWATI VIDYALAYA (PU),BRC- DIGLIPUR,DEO'S OFFICE DIGLIPUR,KALIGHAT,ANDAMANS,744202,,,,,,,,,
MIDDLE AND NORTH ANDAMANS,35030301802,2015-16,GOVT MIDDLE SCHOOL SHANTI NAGAR,BRC- DIGLIPUR,DEO'S OFFICE DIGLIPUR,AERIEL BAY,ANDAMANS,744202,,,,ChIJZ6a-FbrIjzARNUh499hwYPo,B,Pincode,744202,Government Middle School,"Sitanagar, Village Rd, Andaman and Nicobar Islands 744202, India"
MIDDLE AND NORTH ANDAMANS,35030100902,2015-16,GOVT PRIMARY SCHOOL LAUKI NALLAH-4,BRC- RANGAT,GSSS SWADESH NAGAR,SWADESHNAGAR,ANDAMANS,744201,,,,,,,,,
MIDDLE AND NORTH ANDAMANS,35030101501,2015-16,GOVT MIDDLE SCHOOL PADMANABHAPURAM,BRC- RANGAT,GSSS RANGAT,PADMANABHAPURAM,ANDAMANS,744201,,,,ChIJn2k9YfoOjzARn_hY57Kvzkk,B,Pincode,744201,Govt Sr Secondary School,"Swadesh Nagar P.O, Betapur, MiddleAndaman, Andaman & Nicobar Islands, Middle Andaman, Andaman and Nicobar Islands 744201, India"
ANDAMANS,35010104505,2015-16,GOVT PRIMARY SCHOOL HADDO (TELUGU),BRC- SOUTH ANDAMAN,GSSS MOHANPURA,HADDO,ANDAMANS,744102,,,,,,,,,
ANDAMANS,35010105602,2015-16,PRIMARY SCHOOL KARTHIK MATRICULATION SCHOOL,BRC- SOUTH ANDAMAN,GSSS SCHOOL LINE,AUSTINABAD,ANDAMANS,744106,,,,,,,,,
MIDDLE AND NORTH ANDAMANS,35030100101,2015-16,GOVT PRIMARY SCHOOL BASANTIPUR,BRC- RANGAT,GSSS SWADESH NAGAR,BASANTIPUR,ANDAMANS,744201,,,,,,,,,
MIDDLE AND NORTH ANDAMANS,35030100505,2015-16,GOVT PRIMARY SCHOOL HARI NAGAR(B),BRC- RANGAT,GSSS SWADESH NAGAR,HARINAGAR,ANDAMANS,744201,,,,,,,,,
MIDDLE AND NORTH ANDAMANS,35030100506,2015-16,GOVT PRIMARY SCHOOL KORANG NALLAH,BRC- RANGAT,GSSS SWADESH NAGAR,HARINAGAR,ANDAMANS,744201,,,,,,,,,
MIDDLE AND NORTH ANDAMANS,35030100103,2015-16,GOVT PRIMARY SCHOOL LAXMI NALLAH,BRC- RANGAT,GSSS SWADESH NAGAR,BASANTIPUR,ANDAMANS,744201,,,,,,,,,
NICOBARS,35020200901,2015-16,GOVT PRIMARY SCHOOL CHANGHUA,NANCOWRY,CRC AEO'S OFFICE NANCOWRY,CHANGHUA,ANDAMANS,744303,,,,,,,,,
MIDDLE AND NORTH ANDAMANS,35030301501,2015-16,GOVT PRIMARY SCHOOL RAMAKRISHNA GRAM,BRC- DIGLIPUR,GSSS DIGLIPUR,RAMAKRISHNAGRAM,ANDAMANS,744202,,,,,,,,,
MIDDLE AND NORTH ANDAMANS,35030300602,2015-16,GOVT PRIMARY SCHOOL MADHUPUR-2,BRC- DIGLIPUR,GSSS DIGLIPUR,MADHUPUR,ANDAMANS,744202,,,,,,,,,
MIDDLE AND NORTH ANDAMANS,35030303001,2015-16,GOVT SENIOR SECONDARY SCHOOL KALIGHAT,BRC- DIGLIPUR,GSSS KALIGHAT,KALIGHAT,ANDAMANS,744202,,,,ChIJfWIAfEDMjzARuAIsfNEpEVU,B,Pincode,744202,Govt Model Sr Sec School,"Sita Nagar, Diglipur, North And Middle Andaman, Andaman & Nicobar Islands, North Andaman, Andaman and Nicobar Islands 744202, India"
MIDDLE AND NORTH ANDAMANS,35030101602,2015-16,GOVT MIDDLE SCHOOL PANCHAVATI,BRC- RANGAT,GSSS RANGAT,PANCHWATI,ANDAMANS,744205,,,,ChIJGeKJBJkTjzARnF4w2vIcxMU,B,Pincode,744205,Govt SecondarySchool,"Kaushalya Nagar, Rangat, Middle Andaman, Andaman & Nicobar Islands, Middle Andaman, Andaman and Nicobar Islands 744205, India"
MIDDLE AND NORTH ANDAMANS,35030102305,2015-16,GOVT PRIMARY SCHOOL RANGAT,BRC- RANGAT,GSSS RANGAT,RANGAT,ANDAMANS,744205,,,,ChIJh1xsaDEXjzARh7wes0ft0pM,A,VILLAGE_NAME,rangat,Government Primary School,"Rangat, Andaman and Nicobar Islands 744205, India"
MIDDLE AND NORTH ANDAMANS,35030102306,2015-16,PRIMARY SCHOOL SARASWATI SISHU MANDIR,BRC- RANGAT,GSSS RANGAT,RANGAT,ANDAMANS,744205,,,,ChIJh1xsaDEXjzARh7wes0ft0pM,A,VILLAGE_NAME,rangat,Government Primary School,"Rangat, Andaman and Nicobar Islands 744205, India"
MIDDLE AND NORTH ANDAMANS,35030102601,2015-16,GOVT PRIMARY SCHOOL SABARI (OLD),BRC- RANGAT,GSSS SABARI JN.,SABARI,ANDAMANS,744205,,,,ChIJ43-sW9gWjzARJ90bsMgZmrw,A,VILLAGE_NAME,sabari,Government Primary School,"Sabari Junction, Great Andaman Trunk Rd, Andaman and Nicobar Islands 744205, India"
MIDDLE AND NORTH ANDAMANS,35030102309,2015-16,MIDDLE SCHOOL YESUVA CONVENT ,BRC- RANGAT,GSSS RANGAT,RANGAT,ANDAMANS,744205,,,,ChIJX0L60dMQjzARRWqjOWrL9GQ,A,VILLAGE_NAME,rangat,Middle School Parnshala,"North and Middle Andaman, Rangat, Andaman and Nicobar Islands, India"
MIDDLE AND NORTH ANDAMANS,35030104801,2015-16,GOVT PRIMARY SCHOOL RAJATGARH,BRC- RANGAT,GSSS ORALKATCHA,RAJTGARH,ANDAMANS,744210,,,,,,,,,
MIDDLE AND NORTH ANDAMANS,35030102602,2015-16,GOVT PRIMARY SCHOOL SABARI JUNCTION,BRC- RANGAT,GSSS SABARI JN.,SABARI,ANDAMANS,744205,,,,ChIJ43-sW9gWjzARJ90bsMgZmrw,A,VILLAGE_NAME,sabari,Government Primary School,"Sabari Junction, Great Andaman Trunk Rd, Andaman and Nicobar Islands 744205, India"
MIDDLE AND NORTH ANDAMANS,35030300603,2015-16,MIDDLE SCHOOL BHARITYA VIDYA BHAVAN MONDAL PUBLIC (PU),BRC- DIGLIPUR,DEO'S OFFICE DIGLIPUR,MADHUPUR,ANDAMANS,744202,,,,ChIJZ6a-FbrIjzARNUh499hwYPo,B,Pincode,744202,Government Middle School,"Sitanagar, Village Rd, Andaman and Nicobar Islands 744202, India"
MIDDLE AND NORTH ANDAMANS,35030200901,2015-16,GOVT PRIMARY SCHOOL GANNA DABLA,BRC- MAYABUNDER,DEO OFFICE MAYABUNDER,DEOPUR,ANDAMANS,744204,,,,,,,,,
MIDDLE AND NORTH ANDAMANS,35030200602,2015-16,GOVT PRIMARY SCHOOL GOOJI NALLAH,BRC- MAYABUNDER,DEO OFFICE MAYABUNDER,KARMATANG,ANDAMANS,744204,,,,,,,,,
MIDDLE AND NORTH ANDAMANS,35030201302,2015-16,GOVT MIDDLE SCHOOL HANSPURI,BRC- MAYABUNDER,DEO OFFICE MAYABUNDER,HANSPURI,ANDAMANS,744204,,,,ChIJM1uT0yuhjzARhI8rukgC9XE,B,Pincode,744204,Govt Sr Secondary School,"Pahalgaon P O Tugapur, Via Mayabunder, MiddleAndaman, Andaman & Nicobar Islands, Middle Andaman, Andaman and Nicobar Islands 744204, India"
MIDDLE AND NORTH ANDAMANS,35030200603,2015-16,GOVT PRIMARY SCHOOL HARA TIKRY,BRC- MAYABUNDER,DEO OFFICE MAYABUNDER,KARMATANG,ANDAMANS,744204,,,,,,,,,
MIDDLE AND NORTH ANDAMANS,35030301803,2015-16,GOVT MIDDLE SCHOOL SMITH ISLAND,BRC- DIGLIPUR,DEO'S OFFICE DIGLIPUR,AERIEL BAY,ANDAMANS,744202,,,,ChIJZ6a-FbrIjzARNUh499hwYPo,B,Pincode,744202,Government Middle School,"Sitanagar, Village Rd, Andaman and Nicobar Islands 744202, India"
MIDDLE AND NORTH ANDAMANS,35030302303,2015-16,GOVT PRIMARY SCHOOL TALBAGAN,BRC- DIGLIPUR,DEO'S OFFICE DIGLIPUR,KISHORINAGAR,ANDAMANS,744202,,,,,,,,,
MIDDLE AND NORTH ANDAMANS,35030301503,2015-16,GOVT PRIMARY SCHOOL VIDYASAGAR VIDYA PITH ,BRC- DIGLIPUR,GSSS DIGLIPUR,RAMAKRISHNAGRAM,ANDAMANS,744202,,,,,,,,,
ANDAMANS,35010101903,2015-16,PRIMARY SCHOOL BEHRUL-ULOOM MODERN (PU),BRC- SOUTH ANDAMAN,GSSS RANGACHANG,CALICUT,ANDAMANS,744105,,,,ChIJHU2jvkeQiDARgexcJbeDiAw,B,Pincode,744105,Manjery Primary School,"SH7, Manjery, Andaman and Nicobar Islands 744105, India"
ANDAMANS,35010106103,2015-16,PRIMARY SCHOOL HIND VIDYA MANDIR (PU),BRC- SOUTH ANDAMAN,GSSS MANGLUTAN,LAMBA LINE,ANDAMANS,744110,,,,,,,,,
ANDAMANS,35010105002,2015-16,PRIMARY SCHOOL YESHUVA CONVENT,BRC- SOUTH ANDAMAN,"GSSS GIRLS, PORT BLAIR",SHADIPUR,ANDAMANS,744106,,,,,,,,,
ANDAMANS,35010103704,2015-16,PRIMARY SCHOOL NETAJI KV (PU),BRC- SOUTH ANDAMAN,GSSS SCHOOL LINE,CHOULDARI,ANDAMANS,744105,,,,ChIJHU2jvkeQiDARgexcJbeDiAw,B,Pincode,744105,Manjery Primary School,"SH7, Manjery, Andaman and Nicobar Islands 744105, India"
MIDDLE AND NORTH ANDAMANS,35030100301,2015-16,GOVT PRIMARY SCHOOL PRAFULLA NAGAR,BRC- RANGAT,GSSS SWADESH NAGAR,PRAFULLANAGAR,ANDAMANS,744201,,,,,,,,,
MIDDLE AND NORTH ANDAMANS,35030100104,2015-16,SECONDARY SCHOOL VIVEKANANDA KENDRA VIVEKANANDA KENDRA VIDYALA  ZILLA  PARISHAD (B),BRC- RANGAT,GSSS SWADESH NAGAR,BASANTIPUR,ANDAMANS,744201,,,,ChIJmUsbDD4JjzARCRI3D1lS_PA,B,Pincode,744201,Govt Secondary School,"Govindapur P O Nimbudera, Via-Betapur, MiddleAndaman, Andaman & Nicobar Islands, Middle Andaman, Andaman and Nicobar Islands 744201, India"
ANDAMANS,35010104725,2015-16,GOVT SENIOR SECONDARY SCHOOL MOHANPURA,BRC- SOUTH ANDAMAN,GSSS MOHANPURA,ABERDEEN BAZAAR,ANDAMANS,744101,,,,ChIJFRTcuwuViDARKiuo3wyQId8,B,Pincode,744101,Government Model Senior Secondary School,"Shadipur, Port Blair, Andaman and Nicobar Islands 744101, India"
ANDAMANS,35010102602,2015-16,GOVT PRIMARY SCHOOL HAVELOCK JETTY (EM),BRC- SOUTH ANDAMAN,GSSS HAVELOCK,GOVINDNAGAR,ANDAMANS,744211,,,,,,,,,
MIDDLE AND NORTH ANDAMANS,35030302601,2015-16,GOVT SECONDARY SCHOOL RAM NAGAR-1,BRC- DIGLIPUR,GSSS KALIGHAT,RAMNAGAR,ANDAMANS,744202,,,,ChIJcx7FYb22jzARLtHDmUkA9SE,B,Pincode,744202,Govt Secondary School,"Ram Nagar Post, Digilipur Via, North Andaman, Andaman & Nicobar Islands, North Andaman, Andaman and Nicobar Islands 744202, India"
MIDDLE AND NORTH ANDAMANS,35030302701,2015-16,GOVT MIDDLE SCHOOL NABAGRAM,BRC- DIGLIPUR,GSSS KALIGHAT,NABAGRAM,ANDAMANS,744202,,,,ChIJZ6a-FbrIjzARNUh499hwYPo,B,Pincode,744202,Government Middle School,"Sitanagar, Village Rd, Andaman and Nicobar Islands 744202, India"
MIDDLE AND NORTH ANDAMANS,35030302602,2015-16,GOVT PRIMARY SCHOOL RAM NAGAR-2,BRC- DIGLIPUR,GSSS KALIGHAT,RAMNAGAR,ANDAMANS,744202,,,,,,,,,
MIDDLE AND NORTH ANDAMANS,35030103601,2015-16,GOVT PRIMARY SCHOOL SHAKTIGARH,BRC- RANGAT,GSSS SABARI JN.,SHAKTIGARH,ANDAMANS,744208,,,,,,,,,
MIDDLE AND NORTH ANDAMANS,35030301801,2015-16,GOVT PRIMARY SCHOOL ARIEL BAY,BRC- DIGLIPUR,GSS KERALAPURAM,AERIEL BAY,ANDAMANS,744204,,,,,,,,,
MIDDLE AND NORTH ANDAMANS,35030302101,2015-16,GOVT PRIMARY SCHOOL KALIPUR,BRC- DIGLIPUR,GSS KERALAPURAM,KALIPUR,ANDAMANS,744202,,,,,,,,,
MIDDLE AND NORTH ANDAMANS,35030301602,2015-16,GOVT MIDDLE SCHOOL GANESH NAGAR,BRC- DIGLIPUR,DEO'S OFFICE DIGLIPUR,KERALAPURAM,ANDAMANS,744202,,,,ChIJZ6a-FbrIjzARNUh499hwYPo,B,Pincode,744202,Government Middle School,"Sitanagar, Village Rd, Andaman and Nicobar Islands 744202, India"
MIDDLE AND NORTH ANDAMANS,35030300303,2015-16,GOVT PRIMARY SCHOOL KRISHNA NAGAR - II ,BRC- DIGLIPUR,GSSS SWARAJ GRAM,SWARAJGRAM,ANDAMANS,744202,,,,,,,,,
MIDDLE AND NORTH ANDAMANS,35030300304,2015-16,GOVT PRIMARY SCHOOL JAL TIKRY,BRC- DIGLIPUR,GSSS SWARAJ GRAM,SWARAJGRAM,ANDAMANS,744202,,,,,,,,,
MIDDLE AND NORTH ANDAMANS,35030300305,2015-16,GOVT PRIMARY SCHOOL BANDHANALA,BRC- DIGLIPUR,GSSS SWARAJ GRAM,SWARAJGRAM,ANDAMANS,744202,,,,,,,,,
MIDDLE AND NORTH ANDAMANS,35030300306,2015-16,GOVT PRIMARY SCHOOL HAMBER CHAD,BRC- DIGLIPUR,GSS KERALAPURAM,SWARAJGRAM,ANDAMANS,744202,,,,,,,,,
MIDDLE AND NORTH ANDAMANS,35030200604,2015-16,GOVT PRIMARY SCHOOL HOARI BAY,BRC- MAYABUNDER,DEO OFFICE MAYABUNDER,KARMATANG,ANDAMANS,744204,,,,,,,,,
MIDDLE AND NORTH ANDAMANS,35030201201,2015-16,GOVT PRIMARY SCHOOL KALAPAHAR,BRC- MAYABUNDER,DEO OFFICE MAYABUNDER,CHAINPUR,ANDAMANS,744204,,,,,,,,,
MIDDLE AND NORTH ANDAMANS,35030200605,2015-16,GOVT PRIMARY SCHOOL KARMATANG-9,BRC- MAYABUNDER,GMSSS MAYABUNDER,KARMATANG,ANDAMANS,744204,,,,,,,,,
ANDAMANS,35010200101,2015-16,GOVT PRIMARY SCHOOL SHOAL BAY-14,BRC- WIMBERLYGUNJ,GSSS MANNARGHAT,SHOAL BAY,ANDAMANS,744206,,,,,,,,,
ANDAMANS,35010100305,2015-16,GOVT PRIMARY SCHOOL BAMBOO NALLAH,BRC- SOUTH ANDAMAN,GSSS MANGLUTAN,WANDOOR,ANDAMANS,744110,,,,ChIJ5wuKJ6yQiDARe6CiPRxEK4A,A,VILLAGE_NAME,wandoor,Government Primary School,"Wandoor, Andaman and Nicobar Islands 744103, India"
ANDAMANS,35010102702,2015-16,GOVT MIDDLE SCHOOL KALA PATHAR (H/L),BRC- SOUTH ANDAMAN,GSSS HAVELOCK,VIJAYNAGAR,ANDAMANS,744211,,,,,,,,,
ANDAMANS,35010103805,2015-16,SENIOR SECONDARY SCHOOL ST. MARY'S (PU),BRC- SOUTH ANDAMAN,"DIET, GARACHARMA",GARACHARMA,ANDAMANS,744105,,,,,,,,,
ANDAMANS,35010200505,2015-16,GOVT SENIOR SECONDARY SCHOOL WIMBERLYGUNJ,BRC- WIMBERLYGUNJ,GSSS WIMBERLYGUNJ,WIMBERLYGUNJ,ANDAMANS,744206,,,,,,,,,
ANDAMANS,35010103601,2015-16,GOVT PRIMARY SCHOOL PORT MOUT,BRC- SOUTH ANDAMAN,GSSS MANGLUTAN,PORT MOUT,ANDAMANS,744103,,,,ChIJ5wuKJ6yQiDARe6CiPRxEK4A,B,Pincode,744103,Government Primary School,"Wandoor, Andaman and Nicobar Islands 744103, India"
ANDAMANS,35010103701,2015-16,GOVT MIDDLE SCHOOL CHOULDARI,BRC- SOUTH ANDAMAN,GSSS MANGLUTAN,CHOULDARI,ANDAMANS,744103,,,,,,,,,
ANDAMANS,35010103804,2015-16,PRIMARY SCHOOL DWEEP PUNJ S V (PU),BRC- SOUTH ANDAMAN,"DIET, GARACHARMA",GARACHARMA,ANDAMANS,744105,,,,ChIJHU2jvkeQiDARgexcJbeDiAw,B,Pincode,744105,Manjery Primary School,"SH7, Manjery, Andaman and Nicobar Islands 744105, India"
NICOBARS,35020100401,2015-16,GOVT PRIMARY SCHOOL HEADQUARTER (MODEL),CAR NICOBAR,CRC GSSS MALACCA,HEADQUARTER,ANDAMANS,744301,,,,ChIJi-3VszJgYzARcfgyTz2eUqA,B,Locality,car nicobar,Government Secondary School,"Tamaloo Po, Car Nicobar, A & N Islands, 744301, Car Nicobar, Andaman and Nicobar Islands 744301, India"
MIDDLE AND NORTH ANDAMANS,35030303101,2015-16,GOVT PRIMARY SCHOOL JAGANNATH DERA,BRC- DIGLIPUR,GSSS KALIGHAT,JAGANNATH DERA,ANDAMANS,744202,,,,,,,,,
MIDDLE AND NORTH ANDAMANS,35030302801,2015-16,GOVT PRIMARY SCHOOL NISCHINTAPUR,BRC- DIGLIPUR,GSSS KALIGHAT,NISCHINTAPURAM,ANDAMANS,744202,,,,,,,,,
MIDDLE AND NORTH ANDAMANS,35030302901,2015-16,GOVT PRIMARY SCHOOL MADHYAM GRAM,BRC- DIGLIPUR,GSSS KALIGHAT,MADHYAMGRAM,ANDAMANS,744202,,,,,,,,,
MIDDLE AND NORTH ANDAMANS,35030302702,2015-16,GOVT PRIMARY SCHOOL NABAGRAM,BRC- DIGLIPUR,GSSS KALIGHAT,NABAGRAM,ANDAMANS,744202,,,,,,,,,
ANDAMANS,35010104201,2015-16,"MIDDLE SCHOOL ANANDA MARGA, J/GHAT (PU)",BRC- SOUTH ANDAMAN,"GSSS MODEL, ABERDEEN",JUNGLIGHAT,ANDAMANS,744103,,,,,,,,,
ANDAMANS,35010105401,2015-16,GOVT MIDDLE SCHOOL CARBYNS COVE,BRC- SOUTH ANDAMAN,"GSSS GIRLS, PORT BLAIR",CARBYN'S COVE,ANDAMANS,744112,,,,,,,,,
ANDAMANS,35010102401,2015-16,GOVT MIDDLE SCHOOL DOLLY GUNJ,BRC- SOUTH ANDAMAN,GSSS SCHOOL LINE,DOLLYGUNJ,ANDAMANS,744103,,,,,,,,,
ANDAMANS,35010104801,2015-16,GOVT MIDDLE SCHOOL  DUGNABAD,BRC- SOUTH ANDAMAN,"GSSS GIRLS, PORT BLAIR",DUGNABAD,ANDAMANS,744104,,,,,,,,,
MIDDLE AND NORTH ANDAMANS,35030300307,2015-16,GOVT PRIMARY SCHOOL KRISHNA NAGAR- I,BRC- DIGLIPUR,GSSS SWARAJ GRAM,SWARAJGRAM,ANDAMANS,744202,,,,,,,,,
MIDDLE AND NORTH ANDAMANS,35030300308,2015-16,GOVT PRIMARY SCHOOL GOPAL NAGAR - II,BRC- DIGLIPUR,GSSS SWARAJ GRAM,SWARAJGRAM,ANDAMANS,744202,,,,,,,,,
MIDDLE AND NORTH ANDAMANS,35030300309,2015-16,GOVT PRIMARY SCHOOL RADHA NAGAR - I,BRC- DIGLIPUR,GSSS SWARAJ GRAM,SWARAJGRAM,ANDAMANS,744202,,,,,,,,,
ANDAMANS,35010100302,2015-16,GOVT MIDDLE SCHOOL WANDOOR,BRC- SOUTH ANDAMAN,GSSS MANGLUTAN,WANDOOR,ANDAMANS,744103,,,,,,,,,
ANDAMANS,35010200102,2015-16,GOVT PRIMARY SCHOOL SHOAL BAY-19,BRC- WIMBERLYGUNJ,GSSS MANNARGHAT,SHOAL BAY,ANDAMANS,744206,,,,,,,,,
ANDAMANS,35010200103,2015-16,GOVT PRIMARY SCHOOL SHOAL BAY-8,BRC- WIMBERLYGUNJ,GSSS MANNARGHAT,SHOAL BAY,ANDAMANS,744206,,,,,,,,,
ANDAMANS,35010201301,2015-16,GOVT PRIMARY SCHOOL SHORE POINT,BRC- WIMBERLYGUNJ,GSSS BAMBOOFLAT,SHOREPOINT,ANDAMANS,744107,,,,,,,,,
ANDAMANS,35010202601,2015-16,GOVT PRIMARY SCHOOL TIRUR,BRC- WIMBERLYGUNJ,GSSS TUSNABAD,TIRUR,ANDAMANS,744109,,,,,,,,,
ANDAMANS,35010203102,2015-16,GOVT PRIMARY SCHOOL RANCHI BASTHI,BRC- WIMBERLYGUNJ,GSSS WIMBERLYGUNJ,NAMUNAGHAR,ANDAMANS,744206,,,,,,,,,
ANDAMANS,35010202103,2015-16,GOVT PRIMARY SCHOOL TUSNABAD,BRC- WIMBERLYGUNJ,GSSS TUSNABAD,TUSHNABAD,ANDAMANS,744103,,,,ChIJ5wuKJ6yQiDARe6CiPRxEK4A,B,Pincode,744103,Government Primary School,"Wandoor, Andaman and Nicobar Islands 744103, India"
ANDAMANS,35010200506,2015-16,PRIMARY SHAKEEBA PUBLIC SCHOOL,BRC- WIMBERLYGUNJ,GSSS BAMBOOFLAT,WIMBERLYGUNJ,ANDAMANS,744107,,,,,,,,,
ANDAMANS,35010200507,2015-16,SECONDARY ST. XAVIER SCHOOL,BRC- WIMBERLYGUNJ,GSSS MANNARGHAT,WIMBERLYGUNJ,ANDAMANS,744206,,,,ChIJE8IBk6K-iDARD6G4mwH2wmI,B,Pincode,744206,St. Xavier School,"Mannar Ghat, Andaman and Nicobar Islands 744206, India"
NICOBARS,35020100501,2015-16,GOVT PRIMARY SCHOOL JAYANTI,CAR NICOBAR,CRC GSSS LAPATHY,JAYANTI,ANDAMANS,744301,,,,ChIJi-3VszJgYzARcfgyTz2eUqA,B,Locality,car nicobar,Government Secondary School,"Tamaloo Po, Car Nicobar, A & N Islands, 744301, Car Nicobar, Andaman and Nicobar Islands 744301, India"
NICOBARS,35020100601,2015-16,GOVT PRIMARY SCHOOL KINYUKA,CAR NICOBAR,CRC GSSS LAPATHY,KINYUKA,ANDAMANS,744301,,,,ChIJi-3VszJgYzARcfgyTz2eUqA,B,Locality,car nicobar,Government Secondary School,"Tamaloo Po, Car Nicobar, A & N Islands, 744301, Car Nicobar, Andaman and Nicobar Islands 744301, India"
NICOBARS,35020100701,2015-16,GOVT PRIMARY SCHOOL KIMIOUS,CAR NICOBAR,CRC GSSS MALACCA,KIMIOUS,ANDAMANS,744301,,,,ChIJi-3VszJgYzARcfgyTz2eUqA,B,Locality,car nicobar,Government Secondary School,"Tamaloo Po, Car Nicobar, A & N Islands, 744301, Car Nicobar, Andaman and Nicobar Islands 744301, India"
ANDAMANS,35010103001,2015-16,GOVT PRIMARY SCHOOL RADHANAGAR,BRC- SOUTH ANDAMAN,GSSS HAVELOCK,RADHANAGAR,ANDAMANS,744211,,,,,,,,,
MIDDLE AND NORTH ANDAMANS,35030300301,2015-16,GOVT SENIOR SECONDARY SCHOOL SWARAJGRAM,BRC- DIGLIPUR,GSSS SWARAJ GRAM,SWARAJGRAM,ANDAMANS,744202,,,,ChIJr9n8BKvajzARpOqy-4QYgoo,A,VILLAGE_NAME,swarajgram,Government Senior Secondary School,"Swarajgram, Andaman and Nicobar Islands 744202, India"
MIDDLE AND NORTH ANDAMANS,35030300201,2015-16,GOVT MIDDLE SCHOOL SHYAM NAGAR,BRC- DIGLIPUR,GSSS SWARAJ GRAM,SHYAM NAGAR,ANDAMANS,744202,,,,ChIJZ6a-FbrIjzARNUh499hwYPo,B,Pincode,744202,Government Middle School,"Sitanagar, Village Rd, Andaman and Nicobar Islands 744202, India"
ANDAMANS,35010200301,2015-16,GOVT MIDDLE SCHOOL WRIHT MYO,BRC- WIMBERLYGUNJ,GSSS MANNARGHAT,WRIGHTMYO,ANDAMANS,744206,,,,,,,,,
ANDAMANS,35010201601,2015-16,MIDDLE  AL-AMEEN PUBLIC SCHOOL,BRC- WIMBERLYGUNJ,GMSSS FERRARGUNJ,FERRARGUNJ,ANDAMANS,744206,,,,,,,,,
ANDAMANS,35010100601,2015-16,GOVT MIDDLE SCHOOL GUPTA PARA,BRC- SOUTH ANDAMAN,GSSS MANGLUTAN,GUPTAPARA,ANDAMANS,744103,,,,,,,,,
ANDAMANS,35010102801,2015-16,GOVT MIDDLE SCHOOL HAVELOCK-6,BRC- SOUTH ANDAMAN,GSSS HAVELOCK,KRISHNANAGAR,ANDAMANS,744211,,,,,,,,,
ANDAMANS,35010100101,2015-16,GOVT MIDDLE SCHOOL HUMPHRIGUNJ,BRC- SOUTH ANDAMAN,GSSS MANGLUTAN,HUMPHRYGUNJ,ANDAMANS,744110,,,,,,,,,
ANDAMANS,35010100801,2015-16,GOVT MIDDLE SCHOOL MANGLUTAN,BRC- SOUTH ANDAMAN,GSSS MANGLUTAN,MANGLUTAN,ANDAMANS,744110,,,,,,,,,
ANDAMANS,35010103703,2015-16,"PRIMARY SCHOOL  ANANDA MARGA, CHOULDARI -PU",BRC- SOUTH ANDAMAN,GSSS MANGLUTAN,CHOULDARI,ANDAMANS,744103,,,,ChIJb_rSgKOViDAR6NBSbNbun8I,B,Pincode,744103,Sagaritara Primary School,"Junglighat, Port Blair, Andaman and Nicobar Islands 744103, India"
ANDAMANS,35010103901,2015-16,"PRIMARY SCHOOL ANANDA MARGA, B/BASTHI (PU)",BRC- SOUTH ANDAMAN,"DIET, GARACHARMA",BATHUBASTHI,ANDAMANS,744105,,,,ChIJHU2jvkeQiDARgexcJbeDiAw,B,Pincode,744105,Manjery Primary School,"SH7, Manjery, Andaman and Nicobar Islands 744105, India"
ANDAMANS,35010102202,2015-16,GOVT PRIMARY SCHOOL BIMBLITAN,BRC- SOUTH ANDAMAN,"DIET, GARACHARMA",BIMBLITAN,ANDAMANS,744105,,,,,,,,,
ANDAMANS,35010101702,2015-16,GOVT MIDDLE SCHOOL BRICHGUNJ,BRC- SOUTH ANDAMAN,GSSS SCHOOL LINE,BRICHGUNJ,ANDAMANS,744103,,,,,,,,,
ANDAMANS,35010201801,2015-16,GOVT SECONDARY SCHOOL JIRKATANG-2,BRC- WIMBERLYGUNJ,GMSSS FERRARGUNJ,JIRKATANG,ANDAMANS,744206,,,,ChIJ5WLfX7a5iDARmgwhrUgxJCA,B,Pincode,744206,Govt Secondary School,"Shoalbay-12, Po Wimberlygunj, South Andaman, Andaman & Nicobar Islands, South Andaman, Andaman and Nicobar Islands 744206, India"
ANDAMANS,35010202301,2015-16,GOVT SECONDARY SCHOOL MANPUR,BRC- WIMBERLYGUNJ,GSSS TUSNABAD,MANPUR,ANDAMANS,744103,,,,,,,,,
ANDAMANS,35010201702,2015-16,GOVT SECONDARY SCHOOL MILE TILAK,BRC- WIMBERLYGUNJ,GMSSS FERRARGUNJ,MILE TILAK,ANDAMANS,744206,,,,ChIJ5WLfX7a5iDARmgwhrUgxJCA,B,Pincode,744206,Govt Secondary School,"Shoalbay-12, Po Wimberlygunj, South Andaman, Andaman & Nicobar Islands, South Andaman, Andaman and Nicobar Islands 744206, India"
ANDAMANS,35010203101,2015-16,GOVT SECONDARY SCHOOL NAMUNAGHAR,BRC- WIMBERLYGUNJ,GMSSS FERRARGUNJ,NAMUNAGHAR,ANDAMANS,744206,,,,ChIJ5WLfX7a5iDARmgwhrUgxJCA,B,Pincode,744206,Govt Secondary School,"Shoalbay-12, Po Wimberlygunj, South Andaman, Andaman & Nicobar Islands, South Andaman, Andaman and Nicobar Islands 744206, India"
MIDDLE AND NORTH ANDAMANS,35030301504,2015-16,SECONDARYSCHOOL VIVEKANANDA KENDRIYA VIDYALAYA  ZILLA PARISHAD,BRC- DIGLIPUR,DEO'S OFFICE DIGLIPUR,RAMAKRISHNAGRAM,ANDAMANS,744202,,,,ChIJD3QcrfbLjzARC3Geb_CNo2I,B,Pincode,744202,Govt Secondary School,"Shibpur, Aerial Bay P.O, North Andaman, Andaman & Nicobar Islands, North Andaman, Andaman and Nicobar Islands 744202, India"
ANDAMANS,35010201204,2015-16,GOVT PRIMARY SCHOOL TSUNAMI PAHAD,BRC- WIMBERLYGUNJ,GSSS BAMBOOFLAT,BAMBOOFLAT,ANDAMANS,744107,,,,,,,,,
ANDAMANS,35010200508,2015-16,PRIMARY DEEPAK NURSERY SCHOOL,BRC- WIMBERLYGUNJ,GSSS WIMBERLYGUNJ,WIMBERLYGUNJ,ANDAMANS,744206,,,,,,,,,
ANDAMANS,35010200602,2015-16,MIDDLE MARKAZ PUBLIC SCHOOL,BRC- WIMBERLYGUNJ,GSSS WIMBERLYGUNJ,KANYAPURAM,ANDAMANS,744206,,,,,,,,,
ANDAMANS,35010201302,2015-16,PRIMARY SCHOOL MES SHORE POINT,BRC- WIMBERLYGUNJ,GSSS BAMBOOFLAT,SHOREPOINT,ANDAMANS,744107,,,,,,,,,
ANDAMANS,35010104706,2015-16,SECONDARY SCHOOL KHALSA PUBLIC SCHOOL (PU),BRC- SOUTH ANDAMAN,GSSS MOHANPURA,ABERDEEN BAZAAR,ANDAMANS,744101,,,,ChIJFRTcuwuViDARKiuo3wyQId8,B,Pincode,744101,Government Model Senior Secondary School,"Shadipur, Port Blair, Andaman and Nicobar Islands 744101, India"
ANDAMANS,35010100701,2015-16,GOVT PRIMARY SCHOOL MANJERI,BRC- SOUTH ANDAMAN,GSSS MANGLUTAN,MANJERI,ANDAMANS,744103,,,,ChIJ5wuKJ6yQiDARe6CiPRxEK4A,B,Pincode,744103,Government Primary School,"Wandoor, Andaman and Nicobar Islands 744103, India"
ANDAMANS,35010105801,2015-16,GOVT PRIMARY SCHOOL MINNIE BAY,BRC- SOUTH ANDAMAN,GSSS SCHOOL LINE,MINNIE BAY,ANDAMANS,744103,,,,ChIJ5wuKJ6yQiDARe6CiPRxEK4A,B,Pincode,744103,Government Primary School,"Wandoor, Andaman and Nicobar Islands 744103, India"
ANDAMANS,35010105201,2015-16,GOVT PRIMARY SCHOOL NAYAGAON,BRC- SOUTH ANDAMAN,"GSSS GIRLS, PORT BLAIR",NAYAGAON,ANDAMANS,744106,,,,ChIJu-ooRQWViDARadSTjSjVvVg,B,Pincode,744106,Govt. Secondary School,"South Point, Shadipur Post, Portblair, Andaman & Nicobar Islands, Port Blair, Andaman and Nicobar Islands 744106, India"
ANDAMANS,35010201901,2015-16,GOVT PRIMARY SCHOOL  ANIKET,BRC- WIMBERLYGUNJ,GMSSS FERRARGUNJ,ANIKET,ANDAMANS,744206,,,,,,,,,
ANDAMANS,35010202001,2015-16,GOVT PRIMARY SCHOOL CADDLE GUNJ,BRC- WIMBERLYGUNJ,GMSSS FERRARGUNJ,CADDLEGUNJ,ANDAMANS,744206,,,,,,,,,
ANDAMANS,35010201402,2015-16,GOVT PRIMARY SCHOOL CHUNNA BHATTA,BRC- WIMBERLYGUNJ,GSSS BAMBOOFLAT,HOPE TOWN,ANDAMANS,744107,,,,,,,,,
NICOBARS,35020201001,2015-16,GOVT PRIMARY SCHOOL TAPONG,NANCOWRY,CRC GSSS CHAMPIN,TAPONG,ANDAMANS,744303,,,,,,,,,
ANDAMANS,35010103801,2015-16,GOVT MIDDLE SCHOOL MARIAMMAN TEMPLE,BRC- SOUTH ANDAMAN,GSSS SCHOOL LINE,GARACHARMA,ANDAMANS,744103,,,,,,,,,
ANDAMANS,35010103201,2015-16,GOVT MIDLLE SCHOOL NEIL ISLAND-5,BRC- SOUTH ANDAMAN,GSSS NEIL ISLAND,NEIL KENDRA,ANDAMANS,744104,,,,,,,,,
ANDAMANS,35010102201,2015-16,GOVT MIDDLE SCHOOL NEW BIMBLITAN,BRC- SOUTH ANDAMAN,GSSS RANGACHANG,BIMBLITAN,ANDAMANS,744105,,,,,,,,,
ANDAMANS,35010103802,2015-16,SECONDARY SCHOOL SARASHWATI SHISHU MANDIR (PU),BRC- SOUTH ANDAMAN,"DIET, GARACHARMA",GARACHARMA,ANDAMANS,744105,,,,,,,,,
ANDAMANS,35010101501,2015-16,GOVT PRIMARY SCHOOL CHIDIYATAPPU,BRC- SOUTH ANDAMAN,GSSS RANGACHANG,CHIDIYATAPPU,ANDAMANS,744103,,,,ChIJ5wuKJ6yQiDARe6CiPRxEK4A,B,Pincode,744103,Government Primary School,"Wandoor, Andaman and Nicobar Islands 744103, India"
MIDDLE AND NORTH ANDAMANS,35030302202,2015-16,GOVT PRIMARY SCHOOL DURGAPUR,BRC- DIGLIPUR,GSS KERALAPURAM,DURGAPUR,ANDAMANS,744202,,,,,,,,,
MIDDLE AND NORTH ANDAMANS,35030301701,2015-16,GOVT PRIMARY SCHOOL VIDYA SAGAR PALLY,BRC- DIGLIPUR,GSS KERALAPURAM,VIDYASAGAR PALLY,ANDAMANS,744202,,,,,,,,,
MIDDLE AND NORTH ANDAMANS,35030100601,2015-16,GOVT SECONDARY SCHOOL PINAKI NAGAR (EM),BRC- RANGAT,GSSS SWADESH NAGAR,PINAKINAGAR,ANDAMANS,744201,,,,ChIJi7uZ01Z2AjoRuitxd5jXXRE,B,Pincode,744201,Government Secondary School (E M),"Pinaki Nagar, Billiground, N & M Andaman, Andaman & Nicobar Islands, Middle Andaman, Andaman and Nicobar Islands 744201, India"
ANDAMANS,35010201202,2015-16,GOVT SENIOR SECONDARY SCHOOL BAMBOOFLAT,BRC- WIMBERLYGUNJ,GSSS BAMBOOFLAT,BAMBOOFLAT,ANDAMANS,744107,,,,ChIJYwf0hRa-iDARTSSM7LsuZnk,A,VILLAGE_NAME,bambooflat,Govt Sr. Secondary School,"Bambooflat P.O, South Andaman, Andaman & Nicobar Islands, South Andaman, Andaman and Nicobar Islands 744107, India"
ANDAMANS,35010201602,2015-16,GOVT. MODEL SENIOR SECONDARY SCHOOL FERRARGUNJ,BRC- WIMBERLYGUNJ,GMSSS FERRARGUNJ,FERRARGUNJ,ANDAMANS,744206,,,,,,,,,
ANDAMANS,35010200201,2015-16,GOVT SENIOR SECONDARY SCHOOL MANNARGHAT,BRC- WIMBERLYGUNJ,GSSS MANNARGHAT,MANNARGHAT,ANDAMANS,744206,,,,,,,,,
MIDDLE AND NORTH ANDAMANS,35030301105,2015-16,MIDDLE SCHOOL YESHUA CONVENT ANDAMANS,BRC- DIGLIPUR,DEO'S OFFICE DIGLIPUR,SUBASHGRAM,ANDAMANS,744202,,,,ChIJ5SdLctTIjzARt3pwgK8RspY,A,VILLAGE_NAME,subashgram,Government Middle School,"Subashgram, Andaman and Nicobar Islands 744202, India"
MIDDLE AND NORTH ANDAMANS,35030302304,2015-16,GOVT SECONDARY SCHOOL PASCHIM SAGAR,BRC- DIGLIPUR,DEO'S OFFICE DIGLIPUR,KISHORINAGAR,ANDAMANS,744202,,,,ChIJcx7FYb22jzARLtHDmUkA9SE,B,Pincode,744202,Govt Secondary School,"Ram Nagar Post, Digilipur Via, North Andaman, Andaman & Nicobar Islands, North Andaman, Andaman and Nicobar Islands 744202, India"
MIDDLE AND NORTH ANDAMANS,35030303004,2015-16,GOVT PRIMARY SCHOOL KALIGHAT,BRC- DIGLIPUR,GSSS KALIGHAT,KALIGHAT,ANDAMANS,744202,,,,,,,,,
MIDDLE AND NORTH ANDAMANS,35030302301,2015-16,GOVT SENIOR SECONDARY SCHOOL KISHORINAGAR,BRC- DIGLIPUR,DEO'S OFFICE DIGLIPUR,KISHORINAGAR,ANDAMANS,744202,,,,ChIJfWIAfEDMjzARuAIsfNEpEVU,B,Pincode,744202,Govt Model Sr Sec School,"Sita Nagar, Diglipur, North And Middle Andaman, Andaman & Nicobar Islands, North Andaman, Andaman and Nicobar Islands 744202, India"
ANDAMANS,35010200509,2015-16,PRIMARY MES WIMBERLYGUNJ SCHOOL,BRC- WIMBERLYGUNJ,GSSS WIMBERLYGUNJ,WIMBERLYGUNJ,ANDAMANS,744206,,,,,,,,,
ANDAMANS,35010200104,2015-16,GOVT SECONDARY SCHOOL SHOAL BAY-12,BRC- WIMBERLYGUNJ,GSSS MANNARGHAT,SHOAL BAY,ANDAMANS,744206,,,,ChIJ5WLfX7a5iDARmgwhrUgxJCA,B,Pincode,744206,Govt Secondary School,"Shoalbay-12, Po Wimberlygunj, South Andaman, Andaman & Nicobar Islands, South Andaman, Andaman and Nicobar Islands 744206, India"
ANDAMANS,35010300501,2015-16,GOVT MODEL SENIOR SECONDARY SCHOOL HUTBAY,BRC-LITTLE ANDAMAN,"GSSS MODEL, HUTBAY",HUTBAY,ANDAMANS,744207,,,,,,,,,
ANDAMANS,35010300502,2015-16,MIDDLE SCHOOL VIVEKANANDA KENDRIYA VIDYALAYA HUTBAY,BRC-LITTLE ANDAMAN,"GSSS MODEL, HUTBAY",HUTBAY,ANDAMANS,744207,,,,,,,,,
NICOBARS,35020100801,2015-16,GOVT PRIMARY SCHOOL TEE TOP,CAR NICOBAR,CRC GSSS SAWAI,TEE TOP,ANDAMANS,744301,,,,ChIJi-3VszJgYzARcfgyTz2eUqA,B,Locality,car nicobar,Government Secondary School,"Tamaloo Po, Car Nicobar, A & N Islands, 744301, Car Nicobar, Andaman and Nicobar Islands 744301, India"
NICOBARS,35020100901,2015-16,GOVT SECONDARY SCHOOL  ARONG,CAR NICOBAR,CRC GSSS SAWAI,ARONG,ANDAMANS,744301,,,,ChIJ2bIxI6yfZDARUnoB9Pg3vtI,B,Locality,car nicobar,"GOVT. SECONDARY SCHOOL KAKANA, CAR NICOBAR","Car Nicobar, Andaman and Nicobar Islands, India"
NICOBARS,35020101001,2015-16,GOVT SECONDARY SCHOOL KAKANA,CAR NICOBAR,CRC GSSS MALACCA,KAKANA,ANDAMANS,744301,,,,ChIJ2bIxI6yfZDARUnoB9Pg3vtI,B,Locality,car nicobar,"GOVT. SECONDARY SCHOOL KAKANA, CAR NICOBAR","Car Nicobar, Andaman and Nicobar Islands, India"
NICOBARS,35020201101,2015-16,GOVT SECONDARY SCHOOL BENGALI,NANCOWRY,CRC AEO'S OFFICE NANCOWRY,BENGALI,ANDAMANS,744303,,,,,,,,,
NICOBARS,35020201201,2015-16,GOVT MIDDLE SCHOOL MINYUK,NANCOWRY,CRC AEO'S OFFICE NANCOWRY,MINYUK,ANDAMANS,744303,,,,,,,,,
NICOBARS,35020201301,2015-16,GOVT PRIMARY SCHOOL CHUKMACHI,NANCOWRY,CRC AEO'S OFFICE NANCOWRY,CHUKMACHI,ANDAMANS,744303,,,,,,,,,
NICOBARS,35020201401,2015-16,GOVT PRIMARY SCHOOL ALLOORONG,NANCOWRY,CRC AEO'S OFFICE NANCOWRY,ALOORONG,ANDAMANS,744303,,,,,,,,,
MIDDLE AND NORTH ANDAMANS,35030200202,2015-16,GOVT PRIMARY SCHOOL POKADERA,BRC- MAYABUNDER,GMSSS MAYABUNDER,POKADERA,ANDAMANS,744204,,,,,,,,,
MIDDLE AND NORTH ANDAMANS,35030201202,2015-16,GOVT PRIMARY SCHOOL SIPPI TEKREY,BRC- MAYABUNDER,GSSS PAHALGAON,CHAINPUR,ANDAMANS,744204,,,,,,,,,
MIDDLE AND NORTH ANDAMANS,35030200102,2015-16,MIDDLE SCHOOL  ST. XAVIER (PU),BRC- MAYABUNDER,GMSSS MAYABUNDER,MAYABUNDER,ANDAMANS,744204,,,,,,,,,
MIDDLE AND NORTH ANDAMANS,35030201104,2015-16,GOVT PRIMARY SCHOOL TUGAPUR-7,BRC- MAYABUNDER,GSSS PAHALGAON,TUGAPUR,ANDAMANS,744204,,,,,,,,,
MIDDLE AND NORTH ANDAMANS,35030100904,2015-16,GOVT PRIMARY SCHOOL THORATANG NALLAH,BRC- RANGAT,GSSS SWADESH NAGAR,SWADESHNAGAR,ANDAMANS,744201,,,,,,,,,
MIDDLE AND NORTH ANDAMANS,35030101201,2015-16,GOVT SENIOR SECONDARY SCHOOL CFO NALLAH,BRC- RANGAT,GSSS SWADESH NAGAR,SHIVAPURAM,ANDAMANS,744201,,,,ChIJn2k9YfoOjzARn_hY57Kvzkk,B,Pincode,744201,Govt Sr Secondary School,"Swadesh Nagar P.O, Betapur, MiddleAndaman, Andaman & Nicobar Islands, Middle Andaman, Andaman and Nicobar Islands 744201, India"
MIDDLE AND NORTH ANDAMANS,35030101701,2015-16,GOVT MIDDLE SCHOOL RANGAT BAY,BRC- RANGAT,GSSS RANGAT,NIMBUTALA,ANDAMANS,744205,,,,ChIJoWtyJooZjzARelUT5BcQTP8,A,VILLAGE_NAME,nimbutala,Govt Secondary School,"Nimbutala (Village & Po), Middle Andaman, Andaman & Nicobar Islands, Middle Andaman, Andaman and Nicobar Islands 744205, India"
MIDDLE AND NORTH ANDAMANS,35030102101,2015-16,GOVT PRIMARY SCHOOL DASRATHPUR,BRC- RANGAT,GSSS RANGAT,DASARATHPUR,ANDAMANS,744205,,,,ChIJAwRnWRsXjzAR_VL4guctEIo,B,Pincode,744205,"Govt. Primary School, Sabari","North and Middle Andaman, Andaman and Nicobar Islands 744205, India"
ANDAMANS,35010200701,2015-16,SENIOR SECONDARY SCHOOL MES AZAD NAGAR,BRC- WIMBERLYGUNJ,GSSS WIMBERLYGUNJ,STEWARTGUNJ,ANDAMANS,744107,,,,,,,,,
ANDAMANS,35010202101,2015-16,GOVT SENIOR SECONDARY SCHOOL TUSNABAD,BRC- WIMBERLYGUNJ,GSSS TUSNABAD,TUSHNABAD,ANDAMANS,744103,,,,ChIJt0Y5Ea2ViDARll1szCFwqMg,B,Pincode,744103,Govt Sr Sec School,"School Line, Junglighat Po, Port Blair, South Andaman, Andaman & Nicobar Islands, Port Blair, Andaman and Nicobar Islands 744103, India"
ANDAMANS,35010101801,2015-16,SENIOR SECONDARY SCHOOL M. G. INTERNATIONAL (PU),BRC- SOUTH ANDAMAN,GSSS SCHOOL LINE,BROOKSHABAD,ANDAMANS,744103,,,,ChIJHTCJhQSUiDARuUnSErufZiE,B,Pincode,744103,Garacharma Senior Secondary School,"Garacharama, Port Blair, Andaman and Nicobar Islands 744103, India"
MIDDLE AND NORTH ANDAMANS,35030302401,2015-16,GOVT SECONDARY SCHOOL PARANGARA,BRC- DIGLIPUR,DEO'S OFFICE DIGLIPUR,PARANGARA,ANDAMANS,744202,,,,ChIJcx7FYb22jzARLtHDmUkA9SE,B,Pincode,744202,Govt Secondary School,"Ram Nagar Post, Digilipur Via, North Andaman, Andaman & Nicobar Islands, North Andaman, Andaman and Nicobar Islands 744202, India"
MIDDLE AND NORTH ANDAMANS,35030300901,2015-16,GOVT MIDDLE SCHOOL SITA NAGAR,BRC- DIGLIPUR,DEO'S OFFICE DIGLIPUR,SIATANAGAR,ANDAMANS,744202,,,,ChIJZ6a-FbrIjzARNUh499hwYPo,B,Pincode,744202,Government Middle School,"Sitanagar, Village Rd, Andaman and Nicobar Islands 744202, India"
MIDDLE AND NORTH ANDAMANS,35030301001,2015-16,GOVT PRIMARY SCHOOL KRISHNAPURI,BRC- DIGLIPUR,DEO'S OFFICE DIGLIPUR,KRISHNAPURI,ANDAMANS,744202,,,,,,,,,
ANDAMANS,35010105102,2015-16,MIDDLE SCHOOL RGT PUBLIC VIDYALAYA,BRC- SOUTH ANDAMAN,"GSSS GIRLS, PORT BLAIR",SOUTH POINT,ANDAMANS,744101,,,,,,,,,
ANDAMANS,35010101304,2015-16,GOVT MIDDLE SCHOOL BEODNABAD,BRC- SOUTH ANDAMAN,GSSS RANGACHANG,BEODNABAD,ANDAMANS,744105,,,,,,,,,
ANDAMANS,35010101904,2015-16,PRIMARY SCHOOL SRI SAI ENGILISH MEDIUM SCHOOL,BRC- SOUTH ANDAMAN,GSSS RANGACHANG,CALICUT,ANDAMANS,744105,,,,ChIJHU2jvkeQiDARgexcJbeDiAw,B,Pincode,744105,Manjery Primary School,"SH7, Manjery, Andaman and Nicobar Islands 744105, India"
ANDAMANS,35010103705,2015-16,GOVT PRIMARY SCHOOL BADMASHPAHAR,BRC- SOUTH ANDAMAN,GSSS MANGLUTAN,CHOULDARI,ANDAMANS,744103,,,,ChIJ5wuKJ6yQiDARe6CiPRxEK4A,B,Pincode,744103,Government Primary School,"Wandoor, Andaman and Nicobar Islands 744103, India"
NICOBARS,35020101101,2015-16,GOVT SECONDARY SCHOOL MUS,CAR NICOBAR,CRC GSSS LAPATHY,MUS,ANDAMANS,744301,,,,ChIJ2bIxI6yfZDARUnoB9Pg3vtI,B,Locality,car nicobar,"GOVT. SECONDARY SCHOOL KAKANA, CAR NICOBAR","Car Nicobar, Andaman and Nicobar Islands, India"
NICOBARS,35020101201,2015-16,GOVT SENIOR SECONDARY SCHOOL LAPATHY,CAR NICOBAR,CRC GSSS LAPATHY,LAPATHY,ANDAMANS,744301,,,,,,,,,
NICOBARS,35020101301,2015-16,GOVT SENIOR SECONDARY SCHOOL MALACCA,CAR NICOBAR,CRC GSSS MALACCA,MALACCA,ANDAMANS,744301,,,,,,,,,
NICOBARS,35020101401,2015-16,GOVT SENIOR SECONDARY SCHOOL SAWAI,CAR NICOBAR,CRC GSSS SAWAI,SAWAI,ANDAMANS,744301,,,,,,,,,
NICOBARS,35020201501,2015-16,GOVT PRIMARY SCHOOL KALASI,NANCOWRY,CRC AEO'S OFFICE NANCOWRY,KALASI,ANDAMANS,744303,,,,,,,,,
NICOBARS,35020201601,2015-16,GOVT PRIMARY SCHOOL ENAM,NANCOWRY,CRC AEO'S OFFICE NANCOWRY,ENAM,ANDAMANS,744303,,,,,,,,,
NICOBARS,35020201701,2015-16,GOVT SECONDARY SCHOOL KUITASHUK,NANCOWRY,CRC AEO'S OFFICE NANCOWRY,KUITASHUK,ANDAMANS,744303,,,,,,,,,
NICOBARS,35020201901,2015-16,GOVT MIDDLE SCHOOL EAST BAY KATCHAL,NANCOWRY,CRC GSSS KAPANGA,EAST BAY KATCHAL,ANDAMANS,744304,,,,,,,,,
MIDDLE AND NORTH ANDAMANS,35030201105,2015-16,GOVT PRIMARY SCHOOL TUGAPUR-8,BRC- MAYABUNDER,GSSS PAHALGAON,TUGAPUR,ANDAMANS,744204,,,,,,,,,
MIDDLE AND NORTH ANDAMANS,35030301103,2015-16,PRIMARY SCHOOL ANANDA MARGA,BRC- DIGLIPUR,DEO'S OFFICE DIGLIPUR,SUBASHGRAM,ANDAMANS,744202,,,,,,,,,
MIDDLE AND NORTH ANDAMANS,35030300302,2015-16,GOVT PRIMARY SCHOOL BAHADUR TIKRY,BRC- DIGLIPUR,GSSS SWARAJ GRAM,SWARAJGRAM,ANDAMANS,744202,,,,,,,,,
MIDDLE AND NORTH ANDAMANS,35030301603,2015-16,GOVT PRIMARY SCHOOL BEACH DERA,BRC- DIGLIPUR,GSSS SWARAJ GRAM,KERALAPURAM,ANDAMANS,744202,,,,,,,,,
MIDDLE AND NORTH ANDAMANS,35030102307,2015-16,GOVT SENIOR SECONDARY SCHOOL RANGAT,BRC- RANGAT,GSSS RANGAT,RANGAT,ANDAMANS,744205,,,,ChIJl64OvTEXjzARJnDnw23ZWtQ,A,VILLAGE_NAME,rangat,Government Senior Secondary School,"Rangat, Andaman and Nicobar Islands 744205, India"
MIDDLE AND NORTH ANDAMANS,35030102701,2015-16,GOVT PRIMARY SCHOOL BHARATPUR,BRC- RANGAT,GSSS SABARI JN.,BHARATPUR,ANDAMANS,744205,,,,ChIJAwRnWRsXjzAR_VL4guctEIo,B,Pincode,744205,"Govt. Primary School, Sabari","North and Middle Andaman, Andaman and Nicobar Islands 744205, India"
MIDDLE AND NORTH ANDAMANS,35030103301,2015-16,GOVT SENIOR SECONDARY SCHOOL BAKULTALA,BRC- RANGAT,GSSS SABARI JN.,BAKULTALA,ANDAMANS,744208,,,,ChIJ____v6gWjzARbkys8sGPQio,A,VILLAGE_NAME,bakultala,Govt Sr Sec School,"Bakultala P O, MiddleAndaman, Andaman & Nicobar Islands, Middle Andaman, Andaman and Nicobar Islands 744208, India"
MIDDLE AND NORTH ANDAMANS,35030103701,2015-16,GOVT MIDDLE SCHOOL KADAMTALA,BRC- RANGAT,GSSS KADAMTALA,KADAMTALA,ANDAMANS,744209,,,,ChIJPdYIL1g_jzARysvmq5B8E8A,A,VILLAGE_NAME,kadamtala,Govt Sr Sec School,"Kadamtala Village & P O, MiddleAndaman, Andaman & Nicobar Islands, Middle Andaman, Andaman and Nicobar Islands 744209, India"
ANDAMANS,35010101901,2015-16,GOVT SECONDARY SCHOOL CALICUT,BRC- SOUTH ANDAMAN,GSSS RANGACHANG,CALICUT,ANDAMANS,744105,,,,,,,,,
MIDDLE AND NORTH ANDAMANS,35030303002,2015-16,GOVT PRIMARY SCHOOL NARAYAN TIKRY,BRC- DIGLIPUR,GSSS KALIGHAT,KALIGHAT,ANDAMANS,744202,,,,,,,,,
MIDDLE AND NORTH ANDAMANS,35030301104,2015-16,GOVT PRIMARY SCHOOL NETAJI SUBASH VIDYATAN,BRC- DIGLIPUR,GSSS DIGLIPUR,SUBASHGRAM,ANDAMANS,744202,,,,,,,,,
MIDDLE AND NORTH ANDAMANS,35030302302,2015-16,GOVT PRIMARY SCHOOL PASCHIM SAGAR-2,BRC- DIGLIPUR,DEO'S OFFICE DIGLIPUR,KISHORINAGAR,ANDAMANS,744202,,,,,,,,,
MIDDLE AND NORTH ANDAMANS,35030300801,2015-16,GOVT PRIMARY SCHOOL DESH BANDHU GRAM,BRC- DIGLIPUR,DEO'S OFFICE DIGLIPUR,DESHBANDUGRAM,ANDAMANS,744202,,,,,,,,,
MIDDLE AND NORTH ANDAMANS,35030301201,2015-16,GOVT SENIOR SECONDARY SCHOOL DIGLIPUR,BRC- DIGLIPUR,GSSS DIGLIPUR,DIGLIPUR,ANDAMANS,744202,,,,ChIJIYtfiYDxAjoRuMgx6-lJO60,A,VILLAGE_NAME,diglipur,Government Sr Secondary School,"Subhashgram, Diglipur, North Andaman, Andaman & Nicobar Islands, North Andaman, Andaman and Nicobar Islands 744202, India"
MIDDLE AND NORTH ANDAMANS,35030301901,2015-16,GOVT PRIMARY SCHOOL SAGAR DWEEP-2,BRC- DIGLIPUR,DEO'S OFFICE DIGLIPUR,SAGARDWEEP,ANDAMANS,744202,,,,,,,,,
ANDAMANS,35010104713,2015-16,"KENDRIYA VIDYALAYA NO-1, PORT BLAIR ",BRC- SOUTH ANDAMAN,"GSSS MODEL, ABERDEEN",ABERDEEN BAZAAR,ANDAMANS,744101,,,,ChIJrQKhIqGViDARySdugzTSwU4,B,Pincode,744101,Kendriya Vidyalaya No.1,"MA Rd, DAG Colony, Port Blair, Andaman and Nicobar Islands 744101, India"
ANDAMANS,35010100805,2015-16,GOVT PRIMARY SCHOOL INDIRA NAGAR,BRC- SOUTH ANDAMAN,GSSS MANGLUTAN,MANGLUTAN,ANDAMANS,744110,,,,,,,,,
ANDAMANS,35010104722,2015-16,GOVT GIRLS SENIOR SECONDARY SCHOOL,BRC- SOUTH ANDAMAN,"GSSS GIRLS, PORT BLAIR",ABERDEEN BAZAAR,ANDAMANS,744104,,,,ChIJeaAAbhKViDAR-75nWft3miM,B,Pincode,744104,Government Girls' Senior Secondary School,"Rajiv Gandhi Nagar, Port Blair, Andaman and Nicobar Islands 744104, India"
ANDAMANS,35010103907,2015-16,MIDDLE SCHOOL INVENT PUBLIC (PU),BRC- SOUTH ANDAMAN,"DIET, GARACHARMA",BATHUBASTHI,ANDAMANS,744105,,,,,,,,,
ANDAMANS,35010104207,2015-16,PRIMARY SCHOOL DEEPAK NURSERY,BRC- SOUTH ANDAMAN,GSSS MOHANPURA,JUNGLIGHAT,ANDAMANS,744103,,,,ChIJb_rSgKOViDAR6NBSbNbun8I,A,VILLAGE_NAME,junglighat,Sagaritara Primary School,"Junglighat, Port Blair, Andaman and Nicobar Islands 744103, India"
NICOBARS,35020100902,2015-16,SECONDARY SCHOOL JAHAWHAR NAVODYA VIDHYALYA CAR NICOBAR,CAR NICOBAR,CRC GSSS SAWAI,ARONG,ANDAMANS,744301,,,,ChIJi-3VszJgYzARcfgyTz2eUqA,B,Locality,car nicobar,Government Secondary School,"Tamaloo Po, Car Nicobar, A & N Islands, 744301, Car Nicobar, Andaman and Nicobar Islands 744301, India"
ANDAMANS,35010104901,2015-16,GOVT PRIMARY SCHOOL  MAZAR PAHAD,BRC- SOUTH ANDAMAN,"GSSS GIRLS, PORT BLAIR",MAZAR PAHAD,ANDAMANS,744106,,,,ChIJu-ooRQWViDARadSTjSjVvVg,B,Pincode,744106,Govt. Secondary School,"South Point, Shadipur Post, Portblair, Andaman & Nicobar Islands, Port Blair, Andaman and Nicobar Islands 744106, India"
ANDAMANS,35010101704,2015-16,PRIMARYSCHOOL ARMY (LB),BRC- SOUTH ANDAMAN,GSSS RANGACHANG,BRICHGUNJ,ANDAMANS,744103,,,,ChIJb_rSgKOViDAR6NBSbNbun8I,B,Pincode,744103,Sagaritara Primary School,"Junglighat, Port Blair, Andaman and Nicobar Islands 744103, India"
ANDAMANS,35010103908,2015-16,PRIMARY SCHOOL GURUKUL ENGLISH MEDIUM SCHOOL,BRC- SOUTH ANDAMAN,"DIET, GARACHARMA",BATHUBASTHI,ANDAMANS,744105,,,,ChIJHU2jvkeQiDARgexcJbeDiAw,B,Pincode,744105,Manjery Primary School,"SH7, Manjery, Andaman and Nicobar Islands 744105, India"
NICOBARS,35020202301,2015-16,GOVT PRIMARY SCHOOL EAST WALL,NANCOWRY,CRC GSSS KAPANGA,EAST WALL,ANDAMANS,744304,,,,,,,,,
NICOBARS,35020300406,2015-16,GOVT PRIMARY SCHOOL CAMPBELL BAY,CAMPBELL BAY,CRC GSSS CAMPBELL BAY,CAMPBELL BAY,ANDAMANS,744302,,,,ChIJwbp3AEImaTAR-FeVfuhzhWg,A,VILLAGE_NAME,campbell bay,"Govt. Primary School, Campbell Bay","Great, Campbell Bay, Andaman and Nicobar Islands 744302, India"
NICOBARS,35020300702,2015-16,GOVT PRIMARY SCHOOL SHASTRI NAGAR,CAMPBELL BAY,CRC GSSS VIJAY NAGAR,VIJAY NAGAR,ANDAMANS,744302,,,,ChIJwbp3AEImaTAR-FeVfuhzhWg,B,Locality,campbell bay,"Govt. Primary School, Campbell Bay","Great, Campbell Bay, Andaman and Nicobar Islands 744302, India"
NICOBARS,35020300703,2015-16,GOVT PRIMARY SCHOOL LAXMI NAGAR ,CAMPBELL BAY,CRC GSSS VIJAY NAGAR,VIJAY NAGAR,ANDAMANS,744302,,,,ChIJwbp3AEImaTAR-FeVfuhzhWg,B,Locality,campbell bay,"Govt. Primary School, Campbell Bay","Great, Campbell Bay, Andaman and Nicobar Islands 744302, India"
MIDDLE AND NORTH ANDAMANS,35030300102,2015-16,GOVT PRIMARY SCHOOL BARMA CHAD,BRC- DIGLIPUR,GSSS SWARAJ GRAM,RADHA NAGAR,ANDAMANS,744202,,,,,,,,,
MIDDLE AND NORTH ANDAMANS,35030301604,2015-16,GOVT PRIMARY SCHOOL CHIPOH,BRC- DIGLIPUR,GSSS SWARAJ GRAM,KERALAPURAM,ANDAMANS,744202,,,,,,,,,
MIDDLE AND NORTH ANDAMANS,35030301605,2015-16,GOVT PRIMARY SCHOOL GANDHINAGAR-1,BRC- DIGLIPUR,DEO'S OFFICE DIGLIPUR,KERALAPURAM,ANDAMANS,744202,,,,,,,,,
MIDDLE AND NORTH ANDAMANS,35030301606,2015-16,GOVT PRIMARY SCHOOL GANDHINAGAR-2,BRC- DIGLIPUR,DEO'S OFFICE DIGLIPUR,KERALAPURAM,ANDAMANS,744202,,,,,,,,,
MIDDLE AND NORTH ANDAMANS,35030103705,2015-16,GOVT MIDDLE SCHOOL KATAI DERA,BRC- RANGAT,GSSS KADAMTALA,KADAMTALA,ANDAMANS,744209,,,,ChIJPdYIL1g_jzARysvmq5B8E8A,A,VILLAGE_NAME,kadamtala,Govt Sr Sec School,"Kadamtala Village & P O, MiddleAndaman, Andaman & Nicobar Islands, Middle Andaman, Andaman and Nicobar Islands 744209, India"
MIDDLE AND NORTH ANDAMANS,35030103802,2015-16,GOVT SECONDARY SCHOOL UTTARA,BRC- RANGAT,GSSS KADAMTALA,UTTARA,ANDAMANS,744209,,,,,,,,,
MIDDLE AND NORTH ANDAMANS,35030104201,2015-16,GOVT PRIMARY SCHOOL LOROJIG,BRC- RANGAT,GSSS ORALKATCHA,ADAJIG,ANDAMANS,744210,,,,,,,,,
MIDDLE AND NORTH ANDAMANS,35030102604,2015-16,GOVT PRIMARY SCHOOL DASRATHPUR WARD III,BRC- RANGAT,GSSS RANGAT,SABARI,ANDAMANS,744205,,,,ChIJ43-sW9gWjzARJ90bsMgZmrw,A,VILLAGE_NAME,sabari,Government Primary School,"Sabari Junction, Great Andaman Trunk Rd, Andaman and Nicobar Islands 744205, India"
MIDDLE AND NORTH ANDAMANS,35030301204,2015-16,MIDDLE SCHOOL ST. MARY SCHOOL (PU),BRC- DIGLIPUR,DEO'S OFFICE DIGLIPUR,DIGLIPUR,ANDAMANS,744202,,,,ChIJZ6a-FbrIjzARNUh499hwYPo,B,Pincode,744202,Government Middle School,"Sitanagar, Village Rd, Andaman and Nicobar Islands 744202, India"
MIDDLE AND NORTH ANDAMANS,35030102001,2015-16,GOVT PRIMARY SCHOOL SITAPUR,BRC- RANGAT,GSSS SABARI JN.,SITAPUR,ANDAMANS,744205,,,,ChIJAwRnWRsXjzAR_VL4guctEIo,B,Pincode,744205,"Govt. Primary School, Sabari","North and Middle Andaman, Andaman and Nicobar Islands 744205, India"
MIDDLE AND NORTH ANDAMANS,35030100903,2015-16,GOVT PRIMARY SCHOOL SWADESHNAGAR,BRC- RANGAT,GSSS SWADESH NAGAR,SWADESHNAGAR,ANDAMANS,744201,,,,,,,,,
MIDDLE AND NORTH ANDAMANS,35030103801,2015-16,GOVT PRIMARY SCHOOL UTTARA CORNER,BRC- RANGAT,GSSS KADAMTALA,UTTARA,ANDAMANS,744209,,,,,,,,,
ANDAMANS,35010105803,2015-16,"KENDRIYA VIDYALAYA NO - 2, PORT BLAIR",BRC- SOUTH ANDAMAN,GSSS SCHOOL LINE,MINNIE BAY,ANDAMANS,744103,,,,ChIJt67CqDWUiDARPFBdm5MTXlo,A,VILLAGE_NAME,minnie bay,Kendriya Vidyalaya No. II,"Raksha Vihar, Minnie Bay, Junglighat Post, Port Blair, Andaman and Nicobar Islands 744103, India"
ANDAMANS,35010100802,2015-16,GOVT SENIOR SECONDARY SCHOOL MANGLUTAN,BRC- SOUTH ANDAMAN,GSSS MANGLUTAN,MANGLUTAN,ANDAMANS,744105,,,,ChIJwaDwhQSUiDARu59NVWvmZ_Q,B,Pincode,744105,Govt Sr Sec School,"Garacharama, South Andaman, Andaman & Nicobar Islands, South Andaman, Andaman and Nicobar Islands 744105, India"
ANDAMANS,35010104714,2015-16,"GOVT SENIOR SECONDARY SCHOOL MODEL, PORT BLAIR",BRC- SOUTH ANDAMAN,"GSSS MODEL, ABERDEEN",ABERDEEN BAZAAR,ANDAMANS,744101,,,,ChIJFRTcuwuViDARKiuo3wyQId8,B,Pincode,744101,Government Model Senior Secondary School,"Shadipur, Port Blair, Andaman and Nicobar Islands 744101, India"
ANDAMANS,35010106505,2015-16,PRIMARY SCHOOL SALVATION ARMY CATHERINE BOOTH SCHOOL,BRC- SOUTH ANDAMAN,GSSS SCHOOL LINE,PROTHRAPUR,ANDAMANS,744105,,,,ChIJtRSrN2mUiDAR5k8MdQtcNtY,A,VILLAGE_NAME,prothrapur,Jyothis kingdom Primary School,"Prothrapur, Port Blair, Andaman and Nicobar Islands 744103, India"
ANDAMANS,35010101803,2015-16,SENIOR SECONDARY SCHOOL UMMAT PUBLIC SCHOOL (PU),BRC- SOUTH ANDAMAN,GSSS RANGACHANG,BROOKSHABAD,ANDAMANS,744105,,,,,,,,,
ANDAMANS,35010104003,2015-16,GOVT  PRIMARY SCHOOL ATAM PAHAD,BRC- SOUTH ANDAMAN,GSSS SCHOOL LINE,SCHOOL LINE,ANDAMANS,744103,,,,ChIJ5wuKJ6yQiDARe6CiPRxEK4A,B,Pincode,744103,Government Primary School,"Wandoor, Andaman and Nicobar Islands 744103, India"
ANDAMANS,35010104724,2015-16,PRIMARY SCHOOL RAJ NURSEY SCHOOL,BRC- SOUTH ANDAMAN,"GSSS MODEL, ABERDEEN",ABERDEEN BAZAAR,ANDAMANS,744101,,,,ChIJU1jvxaWViDAR5L-kX-wbq3Q,B,Pincode,744101,Deepak Nursary & Primary School,"Thomas Colony, Junglighat, Port Blair, Andaman and Nicobar Islands 744101, India"
ANDAMANS,35010104701,2015-16,GOVT MIDDLE SCHOOL ABERDEEN (HINDI),BRC- SOUTH ANDAMAN,"GSSS MODEL, ABERDEEN",ABERDEEN BAZAAR,ANDAMANS,744101,,,,,,,,,
ANDAMANS,35010201201,2015-16,GOVT MIDDLE SCHOOL BAMBOOFLAT,BRC- WIMBERLYGUNJ,GSSS BAMBOOFLAT,BAMBOOFLAT,ANDAMANS,744107,,,,,,,,,
ANDAMANS,35010200501,2015-16,SECONDARY CRESCENT PUBLIC SCHOOL,BRC- WIMBERLYGUNJ,GSSS WIMBERLYGUNJ,WIMBERLYGUNJ,ANDAMANS,744206,,,,,,,,,
ANDAMANS,35010200503,2015-16,MIDDLE ST. PAUL SCHOOL,BRC- WIMBERLYGUNJ,GSSS WIMBERLYGUNJ,WIMBERLYGUNJ,ANDAMANS,744206,,,,,,,,,
NICOBARS,35020300401,2015-16,GOVT SENIOR SECONDARY SCHOOL CAMPBELL BAY,CAMPBELL BAY,CRC GSSS CAMPBELL BAY,CAMPBELL BAY,ANDAMANS,744302,,,,ChIJby90vmkmaTAR-kFGqx3DB2Q,A,VILLAGE_NAME,campbell bay,Govt Sr Sec School,"Campbell Bay, Great Nicobar, Andaman & Nicobar Islands, Great Nicobar, Andaman and Nicobar Islands 744302, India"
NICOBARS,35020300701,2015-16,GOVT SENIOR SECONDARY SCHOOL VIJAY NAGAR,CAMPBELL BAY,CRC GSSS VIJAY NAGAR,VIJAY NAGAR,ANDAMANS,744302,,,,ChIJM9NSHJElaTAR1Ihqamwg3sQ,A,VILLAGE_NAME,vijay nagar,Govt Sr Sec School,"Vijay Nagar, Campbell Bay, Great Nicobar, Andaman & Nicobar Islands, Great Nicobar, Andaman and Nicobar Islands 744302, India"
NICOBARS,35020300412,2015-16,GOVT PRIMARY SCHOOL PULOPANJA,CAMPBELL BAY,CRC GSSS CAMPBELL BAY,CAMPBELL BAY,ANDAMANS,744302,,,,ChIJwbp3AEImaTAR-FeVfuhzhWg,A,VILLAGE_NAME,campbell bay,"Govt. Primary School, Campbell Bay","Great, Campbell Bay, Andaman and Nicobar Islands 744302, India"
MIDDLE AND NORTH ANDAMANS,35030301607,2015-16,GOVT PRIMARY SCHOOL GANESH NAGAR-2,BRC- DIGLIPUR,DEO'S OFFICE DIGLIPUR,KERALAPURAM,ANDAMANS,744202,,,,,,,,,
MIDDLE AND NORTH ANDAMANS,35030300103,2015-16,GOVT MIDDLE SCHOOL HATHI LEVEL,BRC- DIGLIPUR,GSSS SWARAJ GRAM,RADHA NAGAR,ANDAMANS,744202,,,,ChIJZ6a-FbrIjzARNUh499hwYPo,B,Pincode,744202,Government Middle School,"Sitanagar, Village Rd, Andaman and Nicobar Islands 744202, India"
MIDDLE AND NORTH ANDAMANS,35030302102,2015-16,GOVT PRIMARY SCHOOL LAMIA BAY,BRC- DIGLIPUR,GSS KERALAPURAM,KALIPUR,ANDAMANS,744202,,,,,,,,,
ANDAMANS,35010102101,2015-16,GOVT MIDDLE SCHOOL SIPPI GHAT,BRC- SOUTH ANDAMAN,"DIET, GARACHARMA",SIPPIGHAT,ANDAMANS,744105,,,,,,,,,
MIDDLE AND NORTH ANDAMANS,35030105002,2015-16,GOVT PRIMARY SCHOOL KHATTA KHARI -II,BRC- RANGAT,GSSS ORALKATCHA,KHATTAKHARI,ANDAMANS,744210,,,,,,,,,
MIDDLE AND NORTH ANDAMANS,35030102301,2015-16,MIDDLE SCHOOL BALDWIN METHODIST,BRC- RANGAT,GSSS RANGAT,RANGAT,ANDAMANS,744205,,,,ChIJX0L60dMQjzARRWqjOWrL9GQ,A,VILLAGE_NAME,rangat,Middle School Parnshala,"North and Middle Andaman, Rangat, Andaman and Nicobar Islands, India"
ANDAMANS,35010104501,2015-16,GOVT PRIMARY SCHOOL HADDO (ENGLISH),BRC- SOUTH ANDAMAN,GSSS MOHANPURA,HADDO,ANDAMANS,744102,,,,,,,,,
ANDAMANS,35010102701,2015-16,GOVT PRIMARY SCHOOL HAVELOCK 6 1/2,BRC- SOUTH ANDAMAN,GSSS HAVELOCK,VIJAYNAGAR,ANDAMANS,744211,,,,,,,,,
MIDDLE AND NORTH ANDAMANS,35030103702,2015-16,MIDDLE SCHOOL VIVEKANANDA KENDRA VIDHYALAYA ZILLA PARISHAD VIDYALA(KADAMTALA),BRC- RANGAT,GSSS KADAMTALA,KADAMTALA,ANDAMANS,744209,,,,ChIJPdYIL1g_jzARysvmq5B8E8A,A,VILLAGE_NAME,kadamtala,Govt Sr Sec School,"Kadamtala Village & P O, MiddleAndaman, Andaman & Nicobar Islands, Middle Andaman, Andaman and Nicobar Islands 744209, India"
MIDDLE AND NORTH ANDAMANS,35030104202,2015-16,GOVT SECONDARY SCHOOL ADAZIG,BRC- RANGAT,GSSS ORALKATCHA,ADAJIG,ANDAMANS,744210,,,,,,,,,
MIDDLE AND NORTH ANDAMANS,35030103501,2015-16,GOVT SECONDARY SCHOOL KAUSHALYA NAGAR,BRC- RANGAT,GSSS SABARI JN.,KAUSHALYANAGAR,ANDAMANS,744205,,,,ChIJGeKJBJkTjzARnF4w2vIcxMU,B,Pincode,744205,Govt SecondarySchool,"Kaushalya Nagar, Rangat, Middle Andaman, Andaman & Nicobar Islands, Middle Andaman, Andaman and Nicobar Islands 744205, India"
MIDDLE AND NORTH ANDAMANS,35030101702,2015-16,GOVT SECONDARY SCHOOL NIMBUTALA,BRC- RANGAT,GSSS RANGAT,NIMBUTALA,ANDAMANS,744205,,,,ChIJoWtyJooZjzARelUT5BcQTP8,A,VILLAGE_NAME,nimbutala,Govt Secondary School,"Nimbutala (Village & Po), Middle Andaman, Andaman & Nicobar Islands, Middle Andaman, Andaman and Nicobar Islands 744205, India"
ANDAMANS,35010103101,2015-16,GOVT SENIOR SECONDARY SCHOOL NIEL ISLAND,BRC- SOUTH ANDAMAN,GSSS NEIL ISLAND,LAXMANPUR,ANDAMANS,744104,,,,ChIJeaAAbhKViDAR-75nWft3miM,B,Pincode,744104,Government Girls' Senior Secondary School,"Rajiv Gandhi Nagar, Port Blair, Andaman and Nicobar Islands 744104, India"
ANDAMANS,35010104716,2015-16,SENIOR SECONDARY SCHOOL NIRMALA (PA),BRC- SOUTH ANDAMAN,"GSSS MODEL, ABERDEEN",ABERDEEN BAZAAR,ANDAMANS,744102,,,,ChIJuTyMJZKViDARs62UjvQpPdc,B,Pincode,744102,Government Senior Secondary School,"Haddo, Port Blair, Andaman and Nicobar Islands 744102, India"
ANDAMANS,35010101402,2015-16,GOVT SENIOR SECONDARY SCHOOL RANGACHANG,BRC- SOUTH ANDAMAN,GSSS RANGACHANG,RANGACHANG,ANDAMANS,744105,,,,ChIJwaDwhQSUiDARu59NVWvmZ_Q,B,Pincode,744105,Govt Sr Sec School,"Garacharama, South Andaman, Andaman & Nicobar Islands, South Andaman, Andaman and Nicobar Islands 744105, India"
ANDAMANS,35010104717,2015-16,"GOVT SENIOR SECONDARY SCHOOL RBV, PORT BLAIR",BRC- SOUTH ANDAMAN,"GSSS MODEL, ABERDEEN",ABERDEEN BAZAAR,ANDAMANS,744103,,,,ChIJt0Y5Ea2ViDARll1szCFwqMg,B,Pincode,744103,Govt Sr Sec School,"School Line, Junglighat Po, Port Blair, South Andaman, Andaman & Nicobar Islands, Port Blair, Andaman and Nicobar Islands 744103, India"
MIDDLE AND NORTH ANDAMANS,35030102603,2015-16,GOVT SENIOR SECONDARY SCHOOL SABARI JUNCTION,BRC- RANGAT,GSSS SABARI JN.,SABARI,ANDAMANS,744205,,,,ChIJv4SuktcWjzARA7ym09A41-8,A,VILLAGE_NAME,sabari,Government Senior Secondary School,"Sabari Junction, NH223, Andaman and Nicobar Islands 744205, India"
MIDDLE AND NORTH ANDAMANS,35030100905,2015-16,GOVT SENIOR SECONDARY SCHOOL SWADESH NAGAR,BRC- RANGAT,GSSS SWADESH NAGAR,SWADESHNAGAR,ANDAMANS,744201,,,,ChIJn2k9YfoOjzARn_hY57Kvzkk,B,Pincode,744201,Govt Sr Secondary School,"Swadesh Nagar P.O, Betapur, MiddleAndaman, Andaman & Nicobar Islands, Middle Andaman, Andaman and Nicobar Islands 744201, India"
MIDDLE AND NORTH ANDAMANS,35030100501,2015-16,GOVT MIDDLE SCHOOL BILLIGROUND,BRC- RANGAT,GSSS SWADESH NAGAR,HARINAGAR,ANDAMANS,744201,,,,ChIJn2k9YfoOjzARn_hY57Kvzkk,B,Pincode,744201,Govt Sr Secondary School,"Swadesh Nagar P.O, Betapur, MiddleAndaman, Andaman & Nicobar Islands, Middle Andaman, Andaman and Nicobar Islands 744201, India"
ANDAMANS,35010200601,2015-16,GOVT MIDDLE SCHOOL KANYAPURAM,BRC- WIMBERLYGUNJ,GSSS WIMBERLYGUNJ,KANYAPURAM,ANDAMANS,744206,,,,,,,,,
ANDAMANS,35010203001,2015-16,GOVT MIDDLE SCHOOL OGRABRAJ,BRC- WIMBERLYGUNJ,GSSS TUSNABAD,OGRABRAJ,ANDAMANS,744103,,,,,,,,,
ANDAMANS,35010200502,2015-16,MIDDLE IQRAA PUBLIC SCHOOL,BRC- WIMBERLYGUNJ,GSSS WIMBERLYGUNJ,WIMBERLYGUNJ,ANDAMANS,744206,,,,ChIJbZg0PX2-iDARNOkiWqm2gfw,A,VILLAGE_NAME,wimberlygunj,IQRA Public School,"Opp. BSNL Telephone Exchange, Wimberlygunj, India"
ANDAMANS,35010200901,2015-16,PRIMARY THIRUVALLUVAR PUBLIC SCHOOL,BRC- WIMBERLYGUNJ,GSSS WIMBERLYGUNJ,BRINDABAN,ANDAMANS,744206,,,,,,,,,
NICOBARS,35020300409,2015-16,GOVT PRIMARY SCHOOL PILLOLOW,CAMPBELL BAY,CRC GSSS CAMPBELL BAY,CAMPBELL BAY,ANDAMANS,744302,,,,ChIJwbp3AEImaTAR-FeVfuhzhWg,A,VILLAGE_NAME,campbell bay,"Govt. Primary School, Campbell Bay","Great, Campbell Bay, Andaman and Nicobar Islands 744302, India"
NICOBARS,35020300410,2015-16,GOVT PRIMARY SCHOOL MACCACHUA,CAMPBELL BAY,CRC GSSS CAMPBELL BAY,CAMPBELL BAY,ANDAMANS,744302,,,,ChIJwbp3AEImaTAR-FeVfuhzhWg,A,VILLAGE_NAME,campbell bay,"Govt. Primary School, Campbell Bay","Great, Campbell Bay, Andaman and Nicobar Islands 744302, India"
ANDAMANS,35010202401,2015-16,GOVT PRIMARY SCHOOL COLLINPUR,BRC- WIMBERLYGUNJ,GSSS TUSNABAD,COLLINPUR,ANDAMANS,744109,,,,,,,,,
ANDAMANS,35010203201,2015-16,GOVT PRIMARY SCHOOL DUNDUSPOINT,BRC- WIMBERLYGUNJ,GMSSS FERRARGUNJ,DUNDUSPOINT,ANDAMANS,744206,,,,,,,,,
ANDAMANS,35010104703,2015-16,MIDDLE SCHOOL ST. MARY (PU),BRC- SOUTH ANDAMAN,GSSS MOHANPURA,ABERDEEN BAZAAR,ANDAMANS,744101,,,,,,,,,
ANDAMANS,35010105701,2015-16,GOVT MIDDLE SCHOOL STRAIT ISLAND,BRC- SOUTH ANDAMAN,GSSS HAVELOCK,STRAIGHT ISLAND,ANDAMANS,744211,,,,,,,,,
MIDDLE AND NORTH ANDAMANS,35030100401,2015-16,GOVT SECONDARY SCHOOL GOVINDPUR,BRC- RANGAT,GSSS SWADESH NAGAR,GOVINDAPUR,ANDAMANS,744201,,,,ChIJmUsbDD4JjzARCRI3D1lS_PA,A,VILLAGE_NAME,govindapur,Govt Secondary School,"Govindapur P O Nimbudera, Via-Betapur, MiddleAndaman, Andaman & Nicobar Islands, Middle Andaman, Andaman and Nicobar Islands 744201, India"
ANDAMANS,35010100901,2015-16,GOVT PRIMARY SCHOOL NAYASAHAR,BRC- SOUTH ANDAMAN,GSSS MANGLUTAN,NAYASHAHAR,ANDAMANS,744110,,,,,,,,,
ANDAMANS,35010103301,2015-16,GOVT PRIMARY SCHOOL NEIL ISLAND-4,BRC- SOUTH ANDAMAN,GSSS NEIL ISLAND,RAM NAGAR,ANDAMANS,744104,,,,,,,,,
ANDAMANS,35010100303,2015-16,GOVT PRIMARY SCHOOL NEW WANDOOR,BRC- SOUTH ANDAMAN,GSSS MANGLUTAN,WANDOOR,ANDAMANS,744103,,,,ChIJ5wuKJ6yQiDARe6CiPRxEK4A,A,VILLAGE_NAME,wandoor,Government Primary School,"Wandoor, Andaman and Nicobar Islands 744103, India"
ANDAMANS,35010101401,2015-16,GOVT PRIMARY SCHOOL RANGACHANG-5,BRC- SOUTH ANDAMAN,GSSS RANGACHANG,RANGACHANG,ANDAMANS,744105,,,,,,,,,
MIDDLE AND NORTH ANDAMANS,35030101202,2015-16,GOVT SECONDARY SCHOOL SIVAPURAM,BRC- RANGAT,GSSS RANGAT,SHIVAPURAM,ANDAMANS,744201,,,,ChIJi7uZ01Z2AjoRuitxd5jXXRE,B,Pincode,744201,Government Secondary School (E M),"Pinaki Nagar, Billiground, N & M Andaman, Andaman & Nicobar Islands, Middle Andaman, Andaman and Nicobar Islands 744201, India"
MIDDLE AND NORTH ANDAMANS,35030101603,2015-16,SENIOR SECONDARY SCHOOL JNV PANCHAVATI,BRC- RANGAT,GSSS RANGAT,PANCHWATI,ANDAMANS,744205,,,,ChIJLWsDojEXjzARMQ8O0ruHRdU,B,Pincode,744205,Rangat Senior Secondary School,"Rangat, Andaman and Nicobar Islands 744205, India"
MIDDLE AND NORTH ANDAMANS,35030103703,2015-16,GOVT SENIOR SCEONDARY SCHOOL KADAMTALA,BRC- RANGAT,GSSS KADAMTALA,KADAMTALA,ANDAMANS,744209,,,,,,,,,
ANDAMANS,35010104001,2015-16,GOVT SENIOR SECONDARY SCHOOL SCHOOL LINE,BRC- SOUTH ANDAMAN,GSSS SCHOOL LINE,SCHOOL LINE,ANDAMANS,744103,,,,ChIJt0Y5Ea2ViDARll1szCFwqMg,A,VILLAGE_NAME,school line,Govt Sr Sec School,"School Line, Junglighat Po, Port Blair, South Andaman, Andaman & Nicobar Islands, Port Blair, Andaman and Nicobar Islands 744103, India"
ANDAMANS,35010104718,2015-16,MIDDLE SCHOOL UMMAT PUBLIC (PU),BRC- SOUTH ANDAMAN,"GSSS MODEL, ABERDEEN",ABERDEEN BAZAAR,ANDAMANS,744101,,,,,,,,,
ANDAMANS,35010104002,2015-16,SENIOR SECONDARY SCHOOL VKV (PU),BRC- SOUTH ANDAMAN,GSSS SCHOOL LINE,SCHOOL LINE,ANDAMANS,744103,,,,ChIJt0Y5Ea2ViDARll1szCFwqMg,A,VILLAGE_NAME,school line,Govt Sr Sec School,"School Line, Junglighat Po, Port Blair, South Andaman, Andaman & Nicobar Islands, Port Blair, Andaman and Nicobar Islands 744103, India"
MIDDLE AND NORTH ANDAMANS,35030100602,2015-16,GOVT PRIMARY SCHOOL PINAKI NAGAR (BM),BRC- RANGAT,GSSS SWADESH NAGAR,PINAKINAGAR,ANDAMANS,744201,,,,,,,,,
ANDAMANS,35010300101,2015-16,GOVT SENIOR SECONDARY SCHOOL RAMAKRISHNAPUR,BRC-LITTLE ANDAMAN,GSSS RAMAKRISHNAPUR,RAMAKRISHNAPUR,ANDAMANS,744207,,,,ChIJNzgQ9ogDiDARIg7cR38yTYI,B,Pincode,744207,"Government senior secondary school Ramkrishna pur,Little Andaman","near Vidya sagar mini Stadium, SH1, Ram Krishna Pur, Andaman and Nicobar Islands 744207, India"
ANDAMANS,35010300201,2015-16,GOVT SECONDARY VIVEKANANDAPUR,BRC-LITTLE ANDAMAN,GSSS RAMAKRISHNAPUR,VIVEKANANDAPUR,ANDAMANS,744207,,,,,,,,,
ANDAMANS,35010300301,2015-16,GOVT MIDDLE SCHOOL RABINDRA NAGAR,BRC-LITTLE ANDAMAN,GSSS RAMAKRISHNAPUR,RABINDRA NAGAR,ANDAMANS,744207,,,,,,,,,
ANDAMANS,35010201401,2015-16,SECONDARY SCHOOL VITALA PUBLIC SCHOOL,BRC- WIMBERLYGUNJ,GSSS BAMBOOFLAT,HOPE TOWN,ANDAMANS,744107,,,,ChIJYwf0hRa-iDARTSSM7LsuZnk,B,Pincode,744107,Govt Sr. Secondary School,"Bambooflat P.O, South Andaman, Andaman & Nicobar Islands, South Andaman, Andaman and Nicobar Islands 744107, India"
MIDDLE AND NORTH ANDAMANS,35030301101,2015-16,GOVT SENIOR SECONDARY SCHOOL SUBASHGRAM,BRC- DIGLIPUR,GSSS DIGLIPUR,SUBASHGRAM,ANDAMANS,744202,,,,ChIJfWIAfEDMjzARuAIsfNEpEVU,B,Pincode,744202,Govt Model Sr Sec School,"Sita Nagar, Diglipur, North And Middle Andaman, Andaman & Nicobar Islands, North Andaman, Andaman and Nicobar Islands 744202, India"
MIDDLE AND NORTH ANDAMANS,35030300401,2015-16,GOVT SECONDARY SCHOOL LAXMIPUR,BRC- DIGLIPUR,GSSS DIGLIPUR,LAXMIPUR,ANDAMANS,744202,,,,ChIJvwCc8QrPjzARZTln1avkFQA,A,VILLAGE_NAME,laxmipur,Govt. Secondary School,"Laxmipur, Diglipur Po, North Andaman, Andaman & Nicobar Islands, North Andaman, Andaman and Nicobar Islands 744202, India"
ANDAMANS,35010203202,2015-16,GOVT PRIMARY SCHOOL HATHI TAPU,BRC- WIMBERLYGUNJ,GMSSS FERRARGUNJ,DUNDUSPOINT,ANDAMANS,744206,,,,,,,,,
ANDAMANS,35010202501,2015-16,GOVT PRIMARY SCHOOL HERBERTABAD,BRC- WIMBERLYGUNJ,GSSS TUSNABAD,HERBERTABAD,ANDAMANS,744102,,,,,,,,,
ANDAMANS,35010202201,2015-16,GOVT PRIMARY SCHOOL HOBDYPUR,BRC- WIMBERLYGUNJ,GSSS TUSNABAD,HABDIPUR,ANDAMANS,744103,,,,ChIJ5wuKJ6yQiDARe6CiPRxEK4A,B,Pincode,744103,Government Primary School,"Wandoor, Andaman and Nicobar Islands 744103, India"
ANDAMANS,35010201403,2015-16,GOVT PRIMARY SCHOOL HOPE TOWN,BRC- WIMBERLYGUNJ,GSSS BAMBOOFLAT,HOPE TOWN,ANDAMANS,744107,,,,,,,,,
MIDDLE AND NORTH ANDAMANS,35030102201,2015-16,GOVT MIDDLE SCHOOL JANAKPUR,BRC- RANGAT,GSSS RANGAT,JANAKPUR,ANDAMANS,744205,,,,ChIJGeKJBJkTjzARnF4w2vIcxMU,B,Pincode,744205,Govt SecondarySchool,"Kaushalya Nagar, Rangat, Middle Andaman, Andaman & Nicobar Islands, Middle Andaman, Andaman and Nicobar Islands 744205, India"
MIDDLE AND NORTH ANDAMANS,35030101203,2015-16,PRIMARY SCHOOL ST. MARY'S SCHOOL,BRC- RANGAT,GSSS RANGAT,SHIVAPURAM,ANDAMANS,744201,,,,,,,,,
MIDDLE AND NORTH ANDAMANS,35030100908,2015-16,PRIMARY SCHOOL SARASWATI VIDYALAYA,BRC- RANGAT,GSSS SWADESH NAGAR,SWADESHNAGAR,ANDAMANS,744204,,,,,,,,,
MIDDLE AND NORTH ANDAMANS,35030102402,2015-16,PRIMARY SCHOOL ST. MARY'S SCHOOL,BRC- RANGAT,GSSS SABARI JN.,PARNASHALA,ANDAMANS,744205,,,,ChIJ43-sW9gWjzARJ90bsMgZmrw,B,Pincode,744205,Government Primary School,"Sabari Junction, Great Andaman Trunk Rd, Andaman and Nicobar Islands 744205, India"
ANDAMANS,35010104708,2015-16,MIDDLE SCHOOL SAGRITARA (PU),BRC- SOUTH ANDAMAN,GSSS MOHANPURA,ABERDEEN BAZAAR,ANDAMANS,744102,,,,,,,,,
ANDAMANS,35010105001,2015-16,PRIMARY SCHOOL SHALEM PUBLIC (PU),BRC- SOUTH ANDAMAN,"GSSS GIRLS, PORT BLAIR",SHADIPUR,ANDAMANS,744106,,,,,,,,,
ANDAMANS,35010105901,2015-16,MIDDLE SCHOOL VIVEKANANDA KENDRA  NAGAR PALIKA VIDYALAYA (LB),BRC- SOUTH ANDAMAN,GSSS SCHOOL LINE,RANCHI BASTHI,ANDAMANS,744103,,,,,,,,,
ANDAMANS,35010100304,2015-16,GOVT PRIMARY SCHOOL WEST WANDOOR,BRC- SOUTH ANDAMAN,GSSS MANGLUTAN,WANDOOR,ANDAMANS,744103,,,,ChIJ5wuKJ6yQiDARe6CiPRxEK4A,A,VILLAGE_NAME,wandoor,Government Primary School,"Wandoor, Andaman and Nicobar Islands 744103, India"
MIDDLE AND NORTH ANDAMANS,35030102901,2015-16,GOVT SENIOR SECONDARY SCHOOL LONG ISLAND,BRC- RANGAT,GSSS SABARI JN.,LONG ISLAND,ANDAMANS,744203,,,,,,,,,
MIDDLE AND NORTH ANDAMANS,35030104301,2015-16,GOVT MIDDLE SCHOOL JARAWA CREEK,BRC- RANGAT,GSSS ORALKATCHA,UDAYGARH,ANDAMANS,744210,,,,,,,,,
ANDAMANS,35010104101,2015-16,GOVT SECONDARY SCHOOL DAIRY FARM,BRC- SOUTH ANDAMAN,GSSS SCHOOL LINE,DAIRY FARM,ANDAMANS,744103,,,,,,,,,
ANDAMANS,35010104301,2015-16,GOVT SECONDARY SCHOOL DELANIPUR,BRC- SOUTH ANDAMAN,GSSS MOHANPURA,DELANIPUR,ANDAMANS,744102,,,,ChIJuTyMJZKViDARs62UjvQpPdc,B,Pincode,744102,Government Senior Secondary School,"Haddo, Port Blair, Andaman and Nicobar Islands 744102, India"
